plan_id,case_label,site_group,true_model_id,true_model_label,comparator_id,comparator_label,metric,label,units,true_value,comparator_value,true_minus_comparator,favors_true_sink
case01,Right sinonasal / maxillary bulky ellipsoid,sinonasal_midface,true_vessel_sink,"Bystander, anatomical vascular sink",no_sink,"Bystander, no vascular sink",mean_gammah2ax_valley,mean_gammah2ax_valley,a.u.,0.5442502498626709,0.5446820855140686,-0.0004318356513977051,True
case01,Right sinonasal / maxillary bulky ellipsoid,sinonasal_midface,true_vessel_sink,"Bystander, anatomical vascular sink",no_sink,"Bystander, no vascular sink",mean_tunel_valley,mean_tunel_valley,a.u.,0.8644087314605713,0.8712941408157349,-0.006885409355163574,True
case01,Right sinonasal / maxillary bulky ellipsoid,sinonasal_midface,true_vessel_sink,"Bystander, anatomical vascular sink",no_sink,"Bystander, no vascular sink",cytokine_valley_roi_auc,cytokine_valley_roi_auc,a.u.,1262.3704833984375,1282.9296875,-20.5592041015625,True
case01,Right sinonasal / maxillary bulky ellipsoid,sinonasal_midface,true_vessel_sink,"Bystander, anatomical vascular sink",no_sink,"Bystander, no vascular sink",cytokine_global_auc,cytokine_global_auc,a.u.,87.56173706054688,90.45977783203125,-2.898040771484375,True
case01,Right sinonasal / maxillary bulky ellipsoid,sinonasal_midface,true_vessel_sink,"Bystander, anatomical vascular sink",mirror_lr_sink,"Bystander, mirrored left-right vessel sink",mean_gammah2ax_valley,mean_gammah2ax_valley,a.u.,0.5442502498626709,0.5442502498626709,0.0,False
case01,Right sinonasal / maxillary bulky ellipsoid,sinonasal_midface,true_vessel_sink,"Bystander, anatomical vascular sink",mirror_lr_sink,"Bystander, mirrored left-right vessel sink",mean_tunel_valley,mean_tunel_valley,a.u.,0.8644087314605713,0.8644087314605713,0.0,False
case01,Right sinonasal / maxillary bulky ellipsoid,sinonasal_midface,true_vessel_sink,"Bystander, anatomical vascular sink",mirror_lr_sink,"Bystander, mirrored left-right vessel sink",cytokine_valley_roi_auc,cytokine_valley_roi_auc,a.u.,1262.3704833984375,1262.3704833984375,0.0,False
case01,Right sinonasal / maxillary bulky ellipsoid,sinonasal_midface,true_vessel_sink,"Bystander, anatomical vascular sink",mirror_lr_sink,"Bystander, mirrored left-right vessel sink",cytokine_global_auc,cytokine_global_auc,a.u.,87.56173706054688,87.56173706054688,0.0,False
case01,Right sinonasal / maxillary bulky ellipsoid,sinonasal_midface,true_vessel_sink,"Bystander, anatomical vascular sink",shifted_sink_12mm_ap,"Bystander, vessel sink shifted 12 mm anterior",mean_gammah2ax_valley,mean_gammah2ax_valley,a.u.,0.5442502498626709,0.5437259078025818,0.0005243420600891113,False
case01,Right sinonasal / maxillary bulky ellipsoid,sinonasal_midface,true_vessel_sink,"Bystander, anatomical vascular sink",shifted_sink_12mm_ap,"Bystander, vessel sink shifted 12 mm anterior",mean_tunel_valley,mean_tunel_valley,a.u.,0.8644087314605713,0.8490561842918396,0.01535254716873169,False
case01,Right sinonasal / maxillary bulky ellipsoid,sinonasal_midface,true_vessel_sink,"Bystander, anatomical vascular sink",shifted_sink_12mm_ap,"Bystander, vessel sink shifted 12 mm anterior",cytokine_valley_roi_auc,cytokine_valley_roi_auc,a.u.,1262.3704833984375,1178.35498046875,84.0155029296875,False
case01,Right sinonasal / maxillary bulky ellipsoid,sinonasal_midface,true_vessel_sink,"Bystander, anatomical vascular sink",shifted_sink_12mm_ap,"Bystander, vessel sink shifted 12 mm anterior",cytokine_global_auc,cytokine_global_auc,a.u.,87.56173706054688,85.43517303466797,2.1265640258789062,False
case01,Right sinonasal / maxillary bulky ellipsoid,sinonasal_midface,true_vessel_sink,"Bystander, anatomical vascular sink",uniform_body_sink_mass_matched,"Bystander, uniform body sink (mass matched)",mean_gammah2ax_valley,mean_gammah2ax_valley,a.u.,0.5442502498626709,0.5446866750717163,-0.00043642520904541016,True
case01,Right sinonasal / maxillary bulky ellipsoid,sinonasal_midface,true_vessel_sink,"Bystander, anatomical vascular sink",uniform_body_sink_mass_matched,"Bystander, uniform body sink (mass matched)",mean_tunel_valley,mean_tunel_valley,a.u.,0.8644087314605713,0.8372716903686523,0.027137041091918945,False
case01,Right sinonasal / maxillary bulky ellipsoid,sinonasal_midface,true_vessel_sink,"Bystander, anatomical vascular sink",uniform_body_sink_mass_matched,"Bystander, uniform body sink (mass matched)",cytokine_valley_roi_auc,cytokine_valley_roi_auc,a.u.,1262.3704833984375,1046.04736328125,216.3231201171875,False
case01,Right sinonasal / maxillary bulky ellipsoid,sinonasal_midface,true_vessel_sink,"Bystander, anatomical vascular sink",uniform_body_sink_mass_matched,"Bystander, uniform body sink (mass matched)",cytokine_global_auc,cytokine_global_auc,a.u.,87.56173706054688,74.62885284423828,12.932884216308594,False
case01,Right sinonasal / maxillary bulky ellipsoid,sinonasal_midface,true_vessel_sink,"Bystander, anatomical vascular sink",blurred_vessel_sink_sigma10mm,"Bystander, blurred vessel sink (10 mm sigma)",mean_gammah2ax_valley,mean_gammah2ax_valley,a.u.,0.5442502498626709,0.5443540215492249,-0.00010377168655395508,True
case01,Right sinonasal / maxillary bulky ellipsoid,sinonasal_midface,true_vessel_sink,"Bystander, anatomical vascular sink",blurred_vessel_sink_sigma10mm,"Bystander, blurred vessel sink (10 mm sigma)",mean_tunel_valley,mean_tunel_valley,a.u.,0.8644087314605713,0.8482229113578796,0.01618582010269165,False
case01,Right sinonasal / maxillary bulky ellipsoid,sinonasal_midface,true_vessel_sink,"Bystander, anatomical vascular sink",blurred_vessel_sink_sigma10mm,"Bystander, blurred vessel sink (10 mm sigma)",cytokine_valley_roi_auc,cytokine_valley_roi_auc,a.u.,1262.3704833984375,1168.10888671875,94.2615966796875,False
case01,Right sinonasal / maxillary bulky ellipsoid,sinonasal_midface,true_vessel_sink,"Bystander, anatomical vascular sink",blurred_vessel_sink_sigma10mm,"Bystander, blurred vessel sink (10 mm sigma)",cytokine_global_auc,cytokine_global_auc,a.u.,87.56173706054688,80.78668975830078,6.775047302246094,False
case01,Right sinonasal / maxillary bulky ellipsoid,sinonasal_midface,true_vessel_sink,"Bystander, anatomical vascular sink",peri_gtv_shell_sink_5_20mm,"Bystander, peri-GTV shell sink (5-20 mm)",mean_gammah2ax_valley,mean_gammah2ax_valley,a.u.,0.5442502498626709,0.5455578565597534,-0.0013076066970825195,True
case01,Right sinonasal / maxillary bulky ellipsoid,sinonasal_midface,true_vessel_sink,"Bystander, anatomical vascular sink",peri_gtv_shell_sink_5_20mm,"Bystander, peri-GTV shell sink (5-20 mm)",mean_tunel_valley,mean_tunel_valley,a.u.,0.8644087314605713,0.8514459729194641,0.012962758541107178,False
case01,Right sinonasal / maxillary bulky ellipsoid,sinonasal_midface,true_vessel_sink,"Bystander, anatomical vascular sink",peri_gtv_shell_sink_5_20mm,"Bystander, peri-GTV shell sink (5-20 mm)",cytokine_valley_roi_auc,cytokine_valley_roi_auc,a.u.,1262.3704833984375,1183.20458984375,79.1658935546875,False
case01,Right sinonasal / maxillary bulky ellipsoid,sinonasal_midface,true_vessel_sink,"Bystander, anatomical vascular sink",peri_gtv_shell_sink_5_20mm,"Bystander, peri-GTV shell sink (5-20 mm)",cytokine_global_auc,cytokine_global_auc,a.u.,87.56173706054688,76.07454681396484,11.487190246582031,False
case01,Right sinonasal / maxillary bulky ellipsoid,sinonasal_midface,true_vessel_sink,"Bystander, anatomical vascular sink",distance_decay_sink_lambda15mm,"Bystander, distance-decay sink (lambda 15 mm)",mean_gammah2ax_valley,mean_gammah2ax_valley,a.u.,0.5442502498626709,0.5443021655082703,-5.1915645599365234e-05,True
case01,Right sinonasal / maxillary bulky ellipsoid,sinonasal_midface,true_vessel_sink,"Bystander, anatomical vascular sink",distance_decay_sink_lambda15mm,"Bystander, distance-decay sink (lambda 15 mm)",mean_tunel_valley,mean_tunel_valley,a.u.,0.8644087314605713,0.8188859224319458,0.04552280902862549,False
case01,Right sinonasal / maxillary bulky ellipsoid,sinonasal_midface,true_vessel_sink,"Bystander, anatomical vascular sink",distance_decay_sink_lambda15mm,"Bystander, distance-decay sink (lambda 15 mm)",cytokine_valley_roi_auc,cytokine_valley_roi_auc,a.u.,1262.3704833984375,1031.50537109375,230.8651123046875,False
case01,Right sinonasal / maxillary bulky ellipsoid,sinonasal_midface,true_vessel_sink,"Bystander, anatomical vascular sink",distance_decay_sink_lambda15mm,"Bystander, distance-decay sink (lambda 15 mm)",cytokine_global_auc,cytokine_global_auc,a.u.,87.56173706054688,73.73186492919922,13.829872131347656,False
case02,Left maxillary sinus crescent abutting orbit,sinonasal_midface,true_vessel_sink,"Bystander, anatomical vascular sink",no_sink,"Bystander, no vascular sink",mean_gammah2ax_valley,mean_gammah2ax_valley,a.u.,0.5287089943885803,0.529224693775177,-0.0005156993865966797,True
case02,Left maxillary sinus crescent abutting orbit,sinonasal_midface,true_vessel_sink,"Bystander, anatomical vascular sink",no_sink,"Bystander, no vascular sink",mean_tunel_valley,mean_tunel_valley,a.u.,0.8712612986564636,0.8799649477005005,-0.008703649044036865,True
case02,Left maxillary sinus crescent abutting orbit,sinonasal_midface,true_vessel_sink,"Bystander, anatomical vascular sink",no_sink,"Bystander, no vascular sink",cytokine_valley_roi_auc,cytokine_valley_roi_auc,a.u.,1373.219482421875,1409.832275390625,-36.61279296875,True
case02,Left maxillary sinus crescent abutting orbit,sinonasal_midface,true_vessel_sink,"Bystander, anatomical vascular sink",no_sink,"Bystander, no vascular sink",cytokine_global_auc,cytokine_global_auc,a.u.,119.22822570800781,123.79008483886719,-4.561859130859375,True
case02,Left maxillary sinus crescent abutting orbit,sinonasal_midface,true_vessel_sink,"Bystander, anatomical vascular sink",mirror_lr_sink,"Bystander, mirrored left-right vessel sink",mean_gammah2ax_valley,mean_gammah2ax_valley,a.u.,0.5287089943885803,0.5287089943885803,0.0,False
case02,Left maxillary sinus crescent abutting orbit,sinonasal_midface,true_vessel_sink,"Bystander, anatomical vascular sink",mirror_lr_sink,"Bystander, mirrored left-right vessel sink",mean_tunel_valley,mean_tunel_valley,a.u.,0.8712612986564636,0.8712612986564636,0.0,False
case02,Left maxillary sinus crescent abutting orbit,sinonasal_midface,true_vessel_sink,"Bystander, anatomical vascular sink",mirror_lr_sink,"Bystander, mirrored left-right vessel sink",cytokine_valley_roi_auc,cytokine_valley_roi_auc,a.u.,1373.219482421875,1373.219482421875,0.0,False
case02,Left maxillary sinus crescent abutting orbit,sinonasal_midface,true_vessel_sink,"Bystander, anatomical vascular sink",mirror_lr_sink,"Bystander, mirrored left-right vessel sink",cytokine_global_auc,cytokine_global_auc,a.u.,119.22822570800781,119.22822570800781,0.0,False
case02,Left maxillary sinus crescent abutting orbit,sinonasal_midface,true_vessel_sink,"Bystander, anatomical vascular sink",shifted_sink_12mm_ap,"Bystander, vessel sink shifted 12 mm anterior",mean_gammah2ax_valley,mean_gammah2ax_valley,a.u.,0.5287089943885803,0.5294759273529053,-0.0007669329643249512,True
case02,Left maxillary sinus crescent abutting orbit,sinonasal_midface,true_vessel_sink,"Bystander, anatomical vascular sink",shifted_sink_12mm_ap,"Bystander, vessel sink shifted 12 mm anterior",mean_tunel_valley,mean_tunel_valley,a.u.,0.8712612986564636,0.8688196539878845,0.0024416446685791016,False
case02,Left maxillary sinus crescent abutting orbit,sinonasal_midface,true_vessel_sink,"Bystander, anatomical vascular sink",shifted_sink_12mm_ap,"Bystander, vessel sink shifted 12 mm anterior",cytokine_valley_roi_auc,cytokine_valley_roi_auc,a.u.,1373.219482421875,1320.40576171875,52.813720703125,False
case02,Left maxillary sinus crescent abutting orbit,sinonasal_midface,true_vessel_sink,"Bystander, anatomical vascular sink",shifted_sink_12mm_ap,"Bystander, vessel sink shifted 12 mm anterior",cytokine_global_auc,cytokine_global_auc,a.u.,119.22822570800781,115.55045318603516,3.6777725219726562,False
case02,Left maxillary sinus crescent abutting orbit,sinonasal_midface,true_vessel_sink,"Bystander, anatomical vascular sink",uniform_body_sink_mass_matched,"Bystander, uniform body sink (mass matched)",mean_gammah2ax_valley,mean_gammah2ax_valley,a.u.,0.5287089943885803,0.5292333960533142,-0.0005244016647338867,True
case02,Left maxillary sinus crescent abutting orbit,sinonasal_midface,true_vessel_sink,"Bystander, anatomical vascular sink",uniform_body_sink_mass_matched,"Bystander, uniform body sink (mass matched)",mean_tunel_valley,mean_tunel_valley,a.u.,0.8712612986564636,0.8472034335136414,0.024057865142822266,False
case02,Left maxillary sinus crescent abutting orbit,sinonasal_midface,true_vessel_sink,"Bystander, anatomical vascular sink",uniform_body_sink_mass_matched,"Bystander, uniform body sink (mass matched)",cytokine_valley_roi_auc,cytokine_valley_roi_auc,a.u.,1373.219482421875,1151.5540771484375,221.6654052734375,False
case02,Left maxillary sinus crescent abutting orbit,sinonasal_midface,true_vessel_sink,"Bystander, anatomical vascular sink",uniform_body_sink_mass_matched,"Bystander, uniform body sink (mass matched)",cytokine_global_auc,cytokine_global_auc,a.u.,119.22822570800781,102.07704162597656,17.15118408203125,False
case02,Left maxillary sinus crescent abutting orbit,sinonasal_midface,true_vessel_sink,"Bystander, anatomical vascular sink",blurred_vessel_sink_sigma10mm,"Bystander, blurred vessel sink (10 mm sigma)",mean_gammah2ax_valley,mean_gammah2ax_valley,a.u.,0.5287089943885803,0.5293601751327515,-0.0006511807441711426,True
case02,Left maxillary sinus crescent abutting orbit,sinonasal_midface,true_vessel_sink,"Bystander, anatomical vascular sink",blurred_vessel_sink_sigma10mm,"Bystander, blurred vessel sink (10 mm sigma)",mean_tunel_valley,mean_tunel_valley,a.u.,0.8712612986564636,0.8607679605484009,0.010493338108062744,False
case02,Left maxillary sinus crescent abutting orbit,sinonasal_midface,true_vessel_sink,"Bystander, anatomical vascular sink",blurred_vessel_sink_sigma10mm,"Bystander, blurred vessel sink (10 mm sigma)",cytokine_valley_roi_auc,cytokine_valley_roi_auc,a.u.,1373.219482421875,1275.07958984375,98.139892578125,False
case02,Left maxillary sinus crescent abutting orbit,sinonasal_midface,true_vessel_sink,"Bystander, anatomical vascular sink",blurred_vessel_sink_sigma10mm,"Bystander, blurred vessel sink (10 mm sigma)",cytokine_global_auc,cytokine_global_auc,a.u.,119.22822570800781,108.7325668334961,10.495658874511719,False
case02,Left maxillary sinus crescent abutting orbit,sinonasal_midface,true_vessel_sink,"Bystander, anatomical vascular sink",peri_gtv_shell_sink_5_20mm,"Bystander, peri-GTV shell sink (5-20 mm)",mean_gammah2ax_valley,mean_gammah2ax_valley,a.u.,0.5287089943885803,0.5299428701400757,-0.0012338757514953613,True
case02,Left maxillary sinus crescent abutting orbit,sinonasal_midface,true_vessel_sink,"Bystander, anatomical vascular sink",peri_gtv_shell_sink_5_20mm,"Bystander, peri-GTV shell sink (5-20 mm)",mean_tunel_valley,mean_tunel_valley,a.u.,0.8712612986564636,0.8669492602348328,0.004312038421630859,False
case02,Left maxillary sinus crescent abutting orbit,sinonasal_midface,true_vessel_sink,"Bystander, anatomical vascular sink",peri_gtv_shell_sink_5_20mm,"Bystander, peri-GTV shell sink (5-20 mm)",cytokine_valley_roi_auc,cytokine_valley_roi_auc,a.u.,1373.219482421875,1336.8787841796875,36.3406982421875,False
case02,Left maxillary sinus crescent abutting orbit,sinonasal_midface,true_vessel_sink,"Bystander, anatomical vascular sink",peri_gtv_shell_sink_5_20mm,"Bystander, peri-GTV shell sink (5-20 mm)",cytokine_global_auc,cytokine_global_auc,a.u.,119.22822570800781,106.85346984863281,12.374755859375,False
case02,Left maxillary sinus crescent abutting orbit,sinonasal_midface,true_vessel_sink,"Bystander, anatomical vascular sink",distance_decay_sink_lambda15mm,"Bystander, distance-decay sink (lambda 15 mm)",mean_gammah2ax_valley,mean_gammah2ax_valley,a.u.,0.5287089943885803,0.5290819406509399,-0.00037294626235961914,True
case02,Left maxillary sinus crescent abutting orbit,sinonasal_midface,true_vessel_sink,"Bystander, anatomical vascular sink",distance_decay_sink_lambda15mm,"Bystander, distance-decay sink (lambda 15 mm)",mean_tunel_valley,mean_tunel_valley,a.u.,0.8712612986564636,0.8393396139144897,0.03192168474197388,False
case02,Left maxillary sinus crescent abutting orbit,sinonasal_midface,true_vessel_sink,"Bystander, anatomical vascular sink",distance_decay_sink_lambda15mm,"Bystander, distance-decay sink (lambda 15 mm)",cytokine_valley_roi_auc,cytokine_valley_roi_auc,a.u.,1373.219482421875,1192.2613525390625,180.9581298828125,False
case02,Left maxillary sinus crescent abutting orbit,sinonasal_midface,true_vessel_sink,"Bystander, anatomical vascular sink",distance_decay_sink_lambda15mm,"Bystander, distance-decay sink (lambda 15 mm)",cytokine_global_auc,cytokine_global_auc,a.u.,119.22822570800781,103.60799407958984,15.620231628417969,False
case03,Base-of-tongue / oropharynx bilobed central mass,oropharynx_bot,true_vessel_sink,"Bystander, anatomical vascular sink",no_sink,"Bystander, no vascular sink",mean_gammah2ax_valley,mean_gammah2ax_valley,a.u.,0.5586006045341492,0.5585822463035583,1.8358230590820312e-05,False
case03,Base-of-tongue / oropharynx bilobed central mass,oropharynx_bot,true_vessel_sink,"Bystander, anatomical vascular sink",no_sink,"Bystander, no vascular sink",mean_tunel_valley,mean_tunel_valley,a.u.,0.8771268725395203,0.8981489539146423,-0.02102208137512207,True
case03,Base-of-tongue / oropharynx bilobed central mass,oropharynx_bot,true_vessel_sink,"Bystander, anatomical vascular sink",no_sink,"Bystander, no vascular sink",cytokine_valley_roi_auc,cytokine_valley_roi_auc,a.u.,1364.216552734375,1577.042236328125,-212.82568359375,True
case03,Base-of-tongue / oropharynx bilobed central mass,oropharynx_bot,true_vessel_sink,"Bystander, anatomical vascular sink",no_sink,"Bystander, no vascular sink",cytokine_global_auc,cytokine_global_auc,a.u.,135.9909210205078,150.22689819335938,-14.235977172851562,True
case03,Base-of-tongue / oropharynx bilobed central mass,oropharynx_bot,true_vessel_sink,"Bystander, anatomical vascular sink",mirror_lr_sink,"Bystander, mirrored left-right vessel sink",mean_gammah2ax_valley,mean_gammah2ax_valley,a.u.,0.5586006045341492,0.5586006045341492,0.0,False
case03,Base-of-tongue / oropharynx bilobed central mass,oropharynx_bot,true_vessel_sink,"Bystander, anatomical vascular sink",mirror_lr_sink,"Bystander, mirrored left-right vessel sink",mean_tunel_valley,mean_tunel_valley,a.u.,0.8771268725395203,0.8771268725395203,0.0,False
case03,Base-of-tongue / oropharynx bilobed central mass,oropharynx_bot,true_vessel_sink,"Bystander, anatomical vascular sink",mirror_lr_sink,"Bystander, mirrored left-right vessel sink",cytokine_valley_roi_auc,cytokine_valley_roi_auc,a.u.,1364.216552734375,1364.216552734375,0.0,False
case03,Base-of-tongue / oropharynx bilobed central mass,oropharynx_bot,true_vessel_sink,"Bystander, anatomical vascular sink",mirror_lr_sink,"Bystander, mirrored left-right vessel sink",cytokine_global_auc,cytokine_global_auc,a.u.,135.9909210205078,135.9909210205078,0.0,False
case03,Base-of-tongue / oropharynx bilobed central mass,oropharynx_bot,true_vessel_sink,"Bystander, anatomical vascular sink",shifted_sink_12mm_ap,"Bystander, vessel sink shifted 12 mm anterior",mean_gammah2ax_valley,mean_gammah2ax_valley,a.u.,0.5586006045341492,0.5575402975082397,0.0010603070259094238,False
case03,Base-of-tongue / oropharynx bilobed central mass,oropharynx_bot,true_vessel_sink,"Bystander, anatomical vascular sink",shifted_sink_12mm_ap,"Bystander, vessel sink shifted 12 mm anterior",mean_tunel_valley,mean_tunel_valley,a.u.,0.8771268725395203,0.867725133895874,0.00940173864364624,False
case03,Base-of-tongue / oropharynx bilobed central mass,oropharynx_bot,true_vessel_sink,"Bystander, anatomical vascular sink",shifted_sink_12mm_ap,"Bystander, vessel sink shifted 12 mm anterior",cytokine_valley_roi_auc,cytokine_valley_roi_auc,a.u.,1364.216552734375,1351.71435546875,12.502197265625,False
case03,Base-of-tongue / oropharynx bilobed central mass,oropharynx_bot,true_vessel_sink,"Bystander, anatomical vascular sink",shifted_sink_12mm_ap,"Bystander, vessel sink shifted 12 mm anterior",cytokine_global_auc,cytokine_global_auc,a.u.,135.9909210205078,137.47991943359375,-1.4889984130859375,True
case03,Base-of-tongue / oropharynx bilobed central mass,oropharynx_bot,true_vessel_sink,"Bystander, anatomical vascular sink",uniform_body_sink_mass_matched,"Bystander, uniform body sink (mass matched)",mean_gammah2ax_valley,mean_gammah2ax_valley,a.u.,0.5586006045341492,0.5585978031158447,2.8014183044433594e-06,False
case03,Base-of-tongue / oropharynx bilobed central mass,oropharynx_bot,true_vessel_sink,"Bystander, anatomical vascular sink",uniform_body_sink_mass_matched,"Bystander, uniform body sink (mass matched)",mean_tunel_valley,mean_tunel_valley,a.u.,0.8771268725395203,0.8684775829315186,0.008649289608001709,False
case03,Base-of-tongue / oropharynx bilobed central mass,oropharynx_bot,true_vessel_sink,"Bystander, anatomical vascular sink",uniform_body_sink_mass_matched,"Bystander, uniform body sink (mass matched)",cytokine_valley_roi_auc,cytokine_valley_roi_auc,a.u.,1364.216552734375,1288.176513671875,76.0400390625,False
case03,Base-of-tongue / oropharynx bilobed central mass,oropharynx_bot,true_vessel_sink,"Bystander, anatomical vascular sink",uniform_body_sink_mass_matched,"Bystander, uniform body sink (mass matched)",cytokine_global_auc,cytokine_global_auc,a.u.,135.9909210205078,123.93690490722656,12.05401611328125,False
case03,Base-of-tongue / oropharynx bilobed central mass,oropharynx_bot,true_vessel_sink,"Bystander, anatomical vascular sink",blurred_vessel_sink_sigma10mm,"Bystander, blurred vessel sink (10 mm sigma)",mean_gammah2ax_valley,mean_gammah2ax_valley,a.u.,0.5586006045341492,0.5589043498039246,-0.0003037452697753906,True
case03,Base-of-tongue / oropharynx bilobed central mass,oropharynx_bot,true_vessel_sink,"Bystander, anatomical vascular sink",blurred_vessel_sink_sigma10mm,"Bystander, blurred vessel sink (10 mm sigma)",mean_tunel_valley,mean_tunel_valley,a.u.,0.8771268725395203,0.8376333117485046,0.039493560791015625,False
case03,Base-of-tongue / oropharynx bilobed central mass,oropharynx_bot,true_vessel_sink,"Bystander, anatomical vascular sink",blurred_vessel_sink_sigma10mm,"Bystander, blurred vessel sink (10 mm sigma)",cytokine_valley_roi_auc,cytokine_valley_roi_auc,a.u.,1364.216552734375,1006.5628051757812,357.65374755859375,False
case03,Base-of-tongue / oropharynx bilobed central mass,oropharynx_bot,true_vessel_sink,"Bystander, anatomical vascular sink",blurred_vessel_sink_sigma10mm,"Bystander, blurred vessel sink (10 mm sigma)",cytokine_global_auc,cytokine_global_auc,a.u.,135.9909210205078,114.38115692138672,21.609764099121094,False
case03,Base-of-tongue / oropharynx bilobed central mass,oropharynx_bot,true_vessel_sink,"Bystander, anatomical vascular sink",peri_gtv_shell_sink_5_20mm,"Bystander, peri-GTV shell sink (5-20 mm)",mean_gammah2ax_valley,mean_gammah2ax_valley,a.u.,0.5586006045341492,0.5592824816703796,-0.0006818771362304688,True
case03,Base-of-tongue / oropharynx bilobed central mass,oropharynx_bot,true_vessel_sink,"Bystander, anatomical vascular sink",peri_gtv_shell_sink_5_20mm,"Bystander, peri-GTV shell sink (5-20 mm)",mean_tunel_valley,mean_tunel_valley,a.u.,0.8771268725395203,0.8864257335662842,-0.009298861026763916,True
case03,Base-of-tongue / oropharynx bilobed central mass,oropharynx_bot,true_vessel_sink,"Bystander, anatomical vascular sink",peri_gtv_shell_sink_5_20mm,"Bystander, peri-GTV shell sink (5-20 mm)",cytokine_valley_roi_auc,cytokine_valley_roi_auc,a.u.,1364.216552734375,1506.8118896484375,-142.5953369140625,True
case03,Base-of-tongue / oropharynx bilobed central mass,oropharynx_bot,true_vessel_sink,"Bystander, anatomical vascular sink",peri_gtv_shell_sink_5_20mm,"Bystander, peri-GTV shell sink (5-20 mm)",cytokine_global_auc,cytokine_global_auc,a.u.,135.9909210205078,133.17092895507812,2.8199920654296875,False
case03,Base-of-tongue / oropharynx bilobed central mass,oropharynx_bot,true_vessel_sink,"Bystander, anatomical vascular sink",distance_decay_sink_lambda15mm,"Bystander, distance-decay sink (lambda 15 mm)",mean_gammah2ax_valley,mean_gammah2ax_valley,a.u.,0.5586006045341492,0.558560311794281,4.029273986816406e-05,False
case03,Base-of-tongue / oropharynx bilobed central mass,oropharynx_bot,true_vessel_sink,"Bystander, anatomical vascular sink",distance_decay_sink_lambda15mm,"Bystander, distance-decay sink (lambda 15 mm)",mean_tunel_valley,mean_tunel_valley,a.u.,0.8771268725395203,0.8633940815925598,0.01373279094696045,False
case03,Base-of-tongue / oropharynx bilobed central mass,oropharynx_bot,true_vessel_sink,"Bystander, anatomical vascular sink",distance_decay_sink_lambda15mm,"Bystander, distance-decay sink (lambda 15 mm)",cytokine_valley_roi_auc,cytokine_valley_roi_auc,a.u.,1364.216552734375,1369.89306640625,-5.676513671875,True
case03,Base-of-tongue / oropharynx bilobed central mass,oropharynx_bot,true_vessel_sink,"Bystander, anatomical vascular sink",distance_decay_sink_lambda15mm,"Bystander, distance-decay sink (lambda 15 mm)",cytokine_global_auc,cytokine_global_auc,a.u.,135.9909210205078,128.97271728515625,7.0182037353515625,False
case04,Laryngo-hypopharyngeal elongated cylinder,laryngohypopharynx,true_vessel_sink,"Bystander, anatomical vascular sink",no_sink,"Bystander, no vascular sink",mean_gammah2ax_valley,mean_gammah2ax_valley,a.u.,0.5035285949707031,0.5070746541023254,-0.0035460591316223145,True
case04,Laryngo-hypopharyngeal elongated cylinder,laryngohypopharynx,true_vessel_sink,"Bystander, anatomical vascular sink",no_sink,"Bystander, no vascular sink",mean_tunel_valley,mean_tunel_valley,a.u.,0.805605411529541,0.8887574672698975,-0.08315205574035645,True
case04,Laryngo-hypopharyngeal elongated cylinder,laryngohypopharynx,true_vessel_sink,"Bystander, anatomical vascular sink",no_sink,"Bystander, no vascular sink",cytokine_valley_roi_auc,cytokine_valley_roi_auc,a.u.,1238.65966796875,1677.37890625,-438.71923828125,True
case04,Laryngo-hypopharyngeal elongated cylinder,laryngohypopharynx,true_vessel_sink,"Bystander, anatomical vascular sink",no_sink,"Bystander, no vascular sink",cytokine_global_auc,cytokine_global_auc,a.u.,82.31208801269531,94.45124053955078,-12.139152526855469,True
case04,Laryngo-hypopharyngeal elongated cylinder,laryngohypopharynx,true_vessel_sink,"Bystander, anatomical vascular sink",mirror_lr_sink,"Bystander, mirrored left-right vessel sink",mean_gammah2ax_valley,mean_gammah2ax_valley,a.u.,0.5035285949707031,0.5035285949707031,0.0,False
case04,Laryngo-hypopharyngeal elongated cylinder,laryngohypopharynx,true_vessel_sink,"Bystander, anatomical vascular sink",mirror_lr_sink,"Bystander, mirrored left-right vessel sink",mean_tunel_valley,mean_tunel_valley,a.u.,0.805605411529541,0.805605411529541,0.0,False
case04,Laryngo-hypopharyngeal elongated cylinder,laryngohypopharynx,true_vessel_sink,"Bystander, anatomical vascular sink",mirror_lr_sink,"Bystander, mirrored left-right vessel sink",cytokine_valley_roi_auc,cytokine_valley_roi_auc,a.u.,1238.65966796875,1238.65966796875,0.0,False
case04,Laryngo-hypopharyngeal elongated cylinder,laryngohypopharynx,true_vessel_sink,"Bystander, anatomical vascular sink",mirror_lr_sink,"Bystander, mirrored left-right vessel sink",cytokine_global_auc,cytokine_global_auc,a.u.,82.31208801269531,82.31208801269531,0.0,False
case04,Laryngo-hypopharyngeal elongated cylinder,laryngohypopharynx,true_vessel_sink,"Bystander, anatomical vascular sink",shifted_sink_12mm_ap,"Bystander, vessel sink shifted 12 mm anterior",mean_gammah2ax_valley,mean_gammah2ax_valley,a.u.,0.5035285949707031,0.5037097334861755,-0.0001811385154724121,True
case04,Laryngo-hypopharyngeal elongated cylinder,laryngohypopharynx,true_vessel_sink,"Bystander, anatomical vascular sink",shifted_sink_12mm_ap,"Bystander, vessel sink shifted 12 mm anterior",mean_tunel_valley,mean_tunel_valley,a.u.,0.805605411529541,0.8420113325119019,-0.03640592098236084,True
case04,Laryngo-hypopharyngeal elongated cylinder,laryngohypopharynx,true_vessel_sink,"Bystander, anatomical vascular sink",shifted_sink_12mm_ap,"Bystander, vessel sink shifted 12 mm anterior",cytokine_valley_roi_auc,cytokine_valley_roi_auc,a.u.,1238.65966796875,1496.0516357421875,-257.3919677734375,True
case04,Laryngo-hypopharyngeal elongated cylinder,laryngohypopharynx,true_vessel_sink,"Bystander, anatomical vascular sink",shifted_sink_12mm_ap,"Bystander, vessel sink shifted 12 mm anterior",cytokine_global_auc,cytokine_global_auc,a.u.,82.31208801269531,87.2175521850586,-4.905464172363281,True
case04,Laryngo-hypopharyngeal elongated cylinder,laryngohypopharynx,true_vessel_sink,"Bystander, anatomical vascular sink",uniform_body_sink_mass_matched,"Bystander, uniform body sink (mass matched)",mean_gammah2ax_valley,mean_gammah2ax_valley,a.u.,0.5035285949707031,0.5070682764053345,-0.0035396814346313477,True
case04,Laryngo-hypopharyngeal elongated cylinder,laryngohypopharynx,true_vessel_sink,"Bystander, anatomical vascular sink",uniform_body_sink_mass_matched,"Bystander, uniform body sink (mass matched)",mean_tunel_valley,mean_tunel_valley,a.u.,0.805605411529541,0.8565360903739929,-0.050930678844451904,True
case04,Laryngo-hypopharyngeal elongated cylinder,laryngohypopharynx,true_vessel_sink,"Bystander, anatomical vascular sink",uniform_body_sink_mass_matched,"Bystander, uniform body sink (mass matched)",cytokine_valley_roi_auc,cytokine_valley_roi_auc,a.u.,1238.65966796875,1377.093994140625,-138.434326171875,True
case04,Laryngo-hypopharyngeal elongated cylinder,laryngohypopharynx,true_vessel_sink,"Bystander, anatomical vascular sink",uniform_body_sink_mass_matched,"Bystander, uniform body sink (mass matched)",cytokine_global_auc,cytokine_global_auc,a.u.,82.31208801269531,77.64439392089844,4.667694091796875,False
case04,Laryngo-hypopharyngeal elongated cylinder,laryngohypopharynx,true_vessel_sink,"Bystander, anatomical vascular sink",blurred_vessel_sink_sigma10mm,"Bystander, blurred vessel sink (10 mm sigma)",mean_gammah2ax_valley,mean_gammah2ax_valley,a.u.,0.5035285949707031,0.5047352313995361,-0.0012066364288330078,True
case04,Laryngo-hypopharyngeal elongated cylinder,laryngohypopharynx,true_vessel_sink,"Bystander, anatomical vascular sink",blurred_vessel_sink_sigma10mm,"Bystander, blurred vessel sink (10 mm sigma)",mean_tunel_valley,mean_tunel_valley,a.u.,0.805605411529541,0.7611678242683411,0.04443758726119995,False
case04,Laryngo-hypopharyngeal elongated cylinder,laryngohypopharynx,true_vessel_sink,"Bystander, anatomical vascular sink",blurred_vessel_sink_sigma10mm,"Bystander, blurred vessel sink (10 mm sigma)",cytokine_valley_roi_auc,cytokine_valley_roi_auc,a.u.,1238.65966796875,881.412353515625,357.247314453125,False
case04,Laryngo-hypopharyngeal elongated cylinder,laryngohypopharynx,true_vessel_sink,"Bystander, anatomical vascular sink",blurred_vessel_sink_sigma10mm,"Bystander, blurred vessel sink (10 mm sigma)",cytokine_global_auc,cytokine_global_auc,a.u.,82.31208801269531,66.72821807861328,15.583869934082031,False
case04,Laryngo-hypopharyngeal elongated cylinder,laryngohypopharynx,true_vessel_sink,"Bystander, anatomical vascular sink",peri_gtv_shell_sink_5_20mm,"Bystander, peri-GTV shell sink (5-20 mm)",mean_gammah2ax_valley,mean_gammah2ax_valley,a.u.,0.5035285949707031,0.5072748064994812,-0.003746211528778076,True
case04,Laryngo-hypopharyngeal elongated cylinder,laryngohypopharynx,true_vessel_sink,"Bystander, anatomical vascular sink",peri_gtv_shell_sink_5_20mm,"Bystander, peri-GTV shell sink (5-20 mm)",mean_tunel_valley,mean_tunel_valley,a.u.,0.805605411529541,0.8713662624359131,-0.06576085090637207,True
case04,Laryngo-hypopharyngeal elongated cylinder,laryngohypopharynx,true_vessel_sink,"Bystander, anatomical vascular sink",peri_gtv_shell_sink_5_20mm,"Bystander, peri-GTV shell sink (5-20 mm)",cytokine_valley_roi_auc,cytokine_valley_roi_auc,a.u.,1238.65966796875,1584.9163818359375,-346.2567138671875,True
case04,Laryngo-hypopharyngeal elongated cylinder,laryngohypopharynx,true_vessel_sink,"Bystander, anatomical vascular sink",peri_gtv_shell_sink_5_20mm,"Bystander, peri-GTV shell sink (5-20 mm)",cytokine_global_auc,cytokine_global_auc,a.u.,82.31208801269531,81.83042907714844,0.481658935546875,False
case04,Laryngo-hypopharyngeal elongated cylinder,laryngohypopharynx,true_vessel_sink,"Bystander, anatomical vascular sink",distance_decay_sink_lambda15mm,"Bystander, distance-decay sink (lambda 15 mm)",mean_gammah2ax_valley,mean_gammah2ax_valley,a.u.,0.5035285949707031,0.5063954591751099,-0.0028668642044067383,True
case04,Laryngo-hypopharyngeal elongated cylinder,laryngohypopharynx,true_vessel_sink,"Bystander, anatomical vascular sink",distance_decay_sink_lambda15mm,"Bystander, distance-decay sink (lambda 15 mm)",mean_tunel_valley,mean_tunel_valley,a.u.,0.805605411529541,0.8369147777557373,-0.03130936622619629,True
case04,Laryngo-hypopharyngeal elongated cylinder,laryngohypopharynx,true_vessel_sink,"Bystander, anatomical vascular sink",distance_decay_sink_lambda15mm,"Bystander, distance-decay sink (lambda 15 mm)",cytokine_valley_roi_auc,cytokine_valley_roi_auc,a.u.,1238.65966796875,1405.4927978515625,-166.8331298828125,True
case04,Laryngo-hypopharyngeal elongated cylinder,laryngohypopharynx,true_vessel_sink,"Bystander, anatomical vascular sink",distance_decay_sink_lambda15mm,"Bystander, distance-decay sink (lambda 15 mm)",cytokine_global_auc,cytokine_global_auc,a.u.,82.31208801269531,77.54717254638672,4.764915466308594,False
case05,Parapharyngeal / prestyloid deep-space bulky mass,parapharyngeal_deep_space,true_vessel_sink,"Bystander, anatomical vascular sink",no_sink,"Bystander, no vascular sink",mean_gammah2ax_valley,mean_gammah2ax_valley,a.u.,0.5006422400474548,0.5006149411201477,2.7298927307128906e-05,False
case05,Parapharyngeal / prestyloid deep-space bulky mass,parapharyngeal_deep_space,true_vessel_sink,"Bystander, anatomical vascular sink",no_sink,"Bystander, no vascular sink",mean_tunel_valley,mean_tunel_valley,a.u.,0.8587533831596375,0.8790237307548523,-0.020270347595214844,True
case05,Parapharyngeal / prestyloid deep-space bulky mass,parapharyngeal_deep_space,true_vessel_sink,"Bystander, anatomical vascular sink",no_sink,"Bystander, no vascular sink",cytokine_valley_roi_auc,cytokine_valley_roi_auc,a.u.,1347.9599609375,1506.601806640625,-158.641845703125,True
case05,Parapharyngeal / prestyloid deep-space bulky mass,parapharyngeal_deep_space,true_vessel_sink,"Bystander, anatomical vascular sink",no_sink,"Bystander, no vascular sink",cytokine_global_auc,cytokine_global_auc,a.u.,126.99065399169922,139.32728576660156,-12.336631774902344,True
case05,Parapharyngeal / prestyloid deep-space bulky mass,parapharyngeal_deep_space,true_vessel_sink,"Bystander, anatomical vascular sink",mirror_lr_sink,"Bystander, mirrored left-right vessel sink",mean_gammah2ax_valley,mean_gammah2ax_valley,a.u.,0.5006422400474548,0.5006422400474548,0.0,False
case05,Parapharyngeal / prestyloid deep-space bulky mass,parapharyngeal_deep_space,true_vessel_sink,"Bystander, anatomical vascular sink",mirror_lr_sink,"Bystander, mirrored left-right vessel sink",mean_tunel_valley,mean_tunel_valley,a.u.,0.8587533831596375,0.8587533831596375,0.0,False
case05,Parapharyngeal / prestyloid deep-space bulky mass,parapharyngeal_deep_space,true_vessel_sink,"Bystander, anatomical vascular sink",mirror_lr_sink,"Bystander, mirrored left-right vessel sink",cytokine_valley_roi_auc,cytokine_valley_roi_auc,a.u.,1347.9599609375,1347.9599609375,0.0,False
case05,Parapharyngeal / prestyloid deep-space bulky mass,parapharyngeal_deep_space,true_vessel_sink,"Bystander, anatomical vascular sink",mirror_lr_sink,"Bystander, mirrored left-right vessel sink",cytokine_global_auc,cytokine_global_auc,a.u.,126.99065399169922,126.99065399169922,0.0,False
case05,Parapharyngeal / prestyloid deep-space bulky mass,parapharyngeal_deep_space,true_vessel_sink,"Bystander, anatomical vascular sink",shifted_sink_12mm_ap,"Bystander, vessel sink shifted 12 mm anterior",mean_gammah2ax_valley,mean_gammah2ax_valley,a.u.,0.5006422400474548,0.5003081560134888,0.00033408403396606445,False
case05,Parapharyngeal / prestyloid deep-space bulky mass,parapharyngeal_deep_space,true_vessel_sink,"Bystander, anatomical vascular sink",shifted_sink_12mm_ap,"Bystander, vessel sink shifted 12 mm anterior",mean_tunel_valley,mean_tunel_valley,a.u.,0.8587533831596375,0.8559679985046387,0.0027853846549987793,False
case05,Parapharyngeal / prestyloid deep-space bulky mass,parapharyngeal_deep_space,true_vessel_sink,"Bystander, anatomical vascular sink",shifted_sink_12mm_ap,"Bystander, vessel sink shifted 12 mm anterior",cytokine_valley_roi_auc,cytokine_valley_roi_auc,a.u.,1347.9599609375,1345.1361083984375,2.8238525390625,False
case05,Parapharyngeal / prestyloid deep-space bulky mass,parapharyngeal_deep_space,true_vessel_sink,"Bystander, anatomical vascular sink",shifted_sink_12mm_ap,"Bystander, vessel sink shifted 12 mm anterior",cytokine_global_auc,cytokine_global_auc,a.u.,126.99065399169922,127.83403015136719,-0.8433761596679688,True
case05,Parapharyngeal / prestyloid deep-space bulky mass,parapharyngeal_deep_space,true_vessel_sink,"Bystander, anatomical vascular sink",uniform_body_sink_mass_matched,"Bystander, uniform body sink (mass matched)",mean_gammah2ax_valley,mean_gammah2ax_valley,a.u.,0.5006422400474548,0.5006272792816162,1.4960765838623047e-05,False
case05,Parapharyngeal / prestyloid deep-space bulky mass,parapharyngeal_deep_space,true_vessel_sink,"Bystander, anatomical vascular sink",uniform_body_sink_mass_matched,"Bystander, uniform body sink (mass matched)",mean_tunel_valley,mean_tunel_valley,a.u.,0.8587533831596375,0.8452850580215454,0.013468325138092041,False
case05,Parapharyngeal / prestyloid deep-space bulky mass,parapharyngeal_deep_space,true_vessel_sink,"Bystander, anatomical vascular sink",uniform_body_sink_mass_matched,"Bystander, uniform body sink (mass matched)",cytokine_valley_roi_auc,cytokine_valley_roi_auc,a.u.,1347.9599609375,1232.70361328125,115.25634765625,False
case05,Parapharyngeal / prestyloid deep-space bulky mass,parapharyngeal_deep_space,true_vessel_sink,"Bystander, anatomical vascular sink",uniform_body_sink_mass_matched,"Bystander, uniform body sink (mass matched)",cytokine_global_auc,cytokine_global_auc,a.u.,126.99065399169922,114.95526885986328,12.035385131835938,False
case05,Parapharyngeal / prestyloid deep-space bulky mass,parapharyngeal_deep_space,true_vessel_sink,"Bystander, anatomical vascular sink",blurred_vessel_sink_sigma10mm,"Bystander, blurred vessel sink (10 mm sigma)",mean_gammah2ax_valley,mean_gammah2ax_valley,a.u.,0.5006422400474548,0.5006104707717896,3.17692756652832e-05,False
case05,Parapharyngeal / prestyloid deep-space bulky mass,parapharyngeal_deep_space,true_vessel_sink,"Bystander, anatomical vascular sink",blurred_vessel_sink_sigma10mm,"Bystander, blurred vessel sink (10 mm sigma)",mean_tunel_valley,mean_tunel_valley,a.u.,0.8587533831596375,0.8187284469604492,0.04002493619918823,False
case05,Parapharyngeal / prestyloid deep-space bulky mass,parapharyngeal_deep_space,true_vessel_sink,"Bystander, anatomical vascular sink",blurred_vessel_sink_sigma10mm,"Bystander, blurred vessel sink (10 mm sigma)",cytokine_valley_roi_auc,cytokine_valley_roi_auc,a.u.,1347.9599609375,1023.8175048828125,324.1424560546875,False
case05,Parapharyngeal / prestyloid deep-space bulky mass,parapharyngeal_deep_space,true_vessel_sink,"Bystander, anatomical vascular sink",blurred_vessel_sink_sigma10mm,"Bystander, blurred vessel sink (10 mm sigma)",cytokine_global_auc,cytokine_global_auc,a.u.,126.99065399169922,107.5895767211914,19.401077270507812,False
case05,Parapharyngeal / prestyloid deep-space bulky mass,parapharyngeal_deep_space,true_vessel_sink,"Bystander, anatomical vascular sink",peri_gtv_shell_sink_5_20mm,"Bystander, peri-GTV shell sink (5-20 mm)",mean_gammah2ax_valley,mean_gammah2ax_valley,a.u.,0.5006422400474548,0.5011977553367615,-0.0005555152893066406,True
case05,Parapharyngeal / prestyloid deep-space bulky mass,parapharyngeal_deep_space,true_vessel_sink,"Bystander, anatomical vascular sink",peri_gtv_shell_sink_5_20mm,"Bystander, peri-GTV shell sink (5-20 mm)",mean_tunel_valley,mean_tunel_valley,a.u.,0.8587533831596375,0.865610659122467,-0.00685727596282959,True
case05,Parapharyngeal / prestyloid deep-space bulky mass,parapharyngeal_deep_space,true_vessel_sink,"Bystander, anatomical vascular sink",peri_gtv_shell_sink_5_20mm,"Bystander, peri-GTV shell sink (5-20 mm)",cytokine_valley_roi_auc,cytokine_valley_roi_auc,a.u.,1347.9599609375,1440.9208984375,-92.9609375,True
case05,Parapharyngeal / prestyloid deep-space bulky mass,parapharyngeal_deep_space,true_vessel_sink,"Bystander, anatomical vascular sink",peri_gtv_shell_sink_5_20mm,"Bystander, peri-GTV shell sink (5-20 mm)",cytokine_global_auc,cytokine_global_auc,a.u.,126.99065399169922,123.35993957519531,3.6307144165039062,False
case05,Parapharyngeal / prestyloid deep-space bulky mass,parapharyngeal_deep_space,true_vessel_sink,"Bystander, anatomical vascular sink",distance_decay_sink_lambda15mm,"Bystander, distance-decay sink (lambda 15 mm)",mean_gammah2ax_valley,mean_gammah2ax_valley,a.u.,0.5006422400474548,0.5004830956459045,0.00015914440155029297,False
case05,Parapharyngeal / prestyloid deep-space bulky mass,parapharyngeal_deep_space,true_vessel_sink,"Bystander, anatomical vascular sink",distance_decay_sink_lambda15mm,"Bystander, distance-decay sink (lambda 15 mm)",mean_tunel_valley,mean_tunel_valley,a.u.,0.8587533831596375,0.8404053449630737,0.01834803819656372,False
case05,Parapharyngeal / prestyloid deep-space bulky mass,parapharyngeal_deep_space,true_vessel_sink,"Bystander, anatomical vascular sink",distance_decay_sink_lambda15mm,"Bystander, distance-decay sink (lambda 15 mm)",cytokine_valley_roi_auc,cytokine_valley_roi_auc,a.u.,1347.9599609375,1316.4627685546875,31.4971923828125,False
case05,Parapharyngeal / prestyloid deep-space bulky mass,parapharyngeal_deep_space,true_vessel_sink,"Bystander, anatomical vascular sink",distance_decay_sink_lambda15mm,"Bystander, distance-decay sink (lambda 15 mm)",cytokine_global_auc,cytokine_global_auc,a.u.,126.99065399169922,119.51921844482422,7.471435546875,False
case06,Buccal mucosa / cheek infiltrative crescent,cheek_superficial,true_vessel_sink,"Bystander, anatomical vascular sink",no_sink,"Bystander, no vascular sink",mean_gammah2ax_valley,mean_gammah2ax_valley,a.u.,0.5307884812355042,0.5309968590736389,-0.00020837783813476562,True
case06,Buccal mucosa / cheek infiltrative crescent,cheek_superficial,true_vessel_sink,"Bystander, anatomical vascular sink",no_sink,"Bystander, no vascular sink",mean_tunel_valley,mean_tunel_valley,a.u.,0.9008257985115051,0.9105151891708374,-0.009689390659332275,True
case06,Buccal mucosa / cheek infiltrative crescent,cheek_superficial,true_vessel_sink,"Bystander, anatomical vascular sink",no_sink,"Bystander, no vascular sink",cytokine_valley_roi_auc,cytokine_valley_roi_auc,a.u.,1714.9835205078125,1771.2127685546875,-56.229248046875,True
case06,Buccal mucosa / cheek infiltrative crescent,cheek_superficial,true_vessel_sink,"Bystander, anatomical vascular sink",no_sink,"Bystander, no vascular sink",cytokine_global_auc,cytokine_global_auc,a.u.,128.13238525390625,133.0121307373047,-4.8797454833984375,True
case06,Buccal mucosa / cheek infiltrative crescent,cheek_superficial,true_vessel_sink,"Bystander, anatomical vascular sink",mirror_lr_sink,"Bystander, mirrored left-right vessel sink",mean_gammah2ax_valley,mean_gammah2ax_valley,a.u.,0.5307884812355042,0.5307884812355042,0.0,False
case06,Buccal mucosa / cheek infiltrative crescent,cheek_superficial,true_vessel_sink,"Bystander, anatomical vascular sink",mirror_lr_sink,"Bystander, mirrored left-right vessel sink",mean_tunel_valley,mean_tunel_valley,a.u.,0.9008257985115051,0.9008257985115051,0.0,False
case06,Buccal mucosa / cheek infiltrative crescent,cheek_superficial,true_vessel_sink,"Bystander, anatomical vascular sink",mirror_lr_sink,"Bystander, mirrored left-right vessel sink",cytokine_valley_roi_auc,cytokine_valley_roi_auc,a.u.,1714.9835205078125,1714.9835205078125,0.0,False
case06,Buccal mucosa / cheek infiltrative crescent,cheek_superficial,true_vessel_sink,"Bystander, anatomical vascular sink",mirror_lr_sink,"Bystander, mirrored left-right vessel sink",cytokine_global_auc,cytokine_global_auc,a.u.,128.13238525390625,128.13238525390625,0.0,False
case06,Buccal mucosa / cheek infiltrative crescent,cheek_superficial,true_vessel_sink,"Bystander, anatomical vascular sink",shifted_sink_12mm_ap,"Bystander, vessel sink shifted 12 mm anterior",mean_gammah2ax_valley,mean_gammah2ax_valley,a.u.,0.5307884812355042,0.5303642153739929,0.00042426586151123047,False
case06,Buccal mucosa / cheek infiltrative crescent,cheek_superficial,true_vessel_sink,"Bystander, anatomical vascular sink",shifted_sink_12mm_ap,"Bystander, vessel sink shifted 12 mm anterior",mean_tunel_valley,mean_tunel_valley,a.u.,0.9008257985115051,0.8885867595672607,0.012239038944244385,False
case06,Buccal mucosa / cheek infiltrative crescent,cheek_superficial,true_vessel_sink,"Bystander, anatomical vascular sink",shifted_sink_12mm_ap,"Bystander, vessel sink shifted 12 mm anterior",cytokine_valley_roi_auc,cytokine_valley_roi_auc,a.u.,1714.9835205078125,1607.94775390625,107.0357666015625,False
case06,Buccal mucosa / cheek infiltrative crescent,cheek_superficial,true_vessel_sink,"Bystander, anatomical vascular sink",shifted_sink_12mm_ap,"Bystander, vessel sink shifted 12 mm anterior",cytokine_global_auc,cytokine_global_auc,a.u.,128.13238525390625,125.24410247802734,2.8882827758789062,False
case06,Buccal mucosa / cheek infiltrative crescent,cheek_superficial,true_vessel_sink,"Bystander, anatomical vascular sink",uniform_body_sink_mass_matched,"Bystander, uniform body sink (mass matched)",mean_gammah2ax_valley,mean_gammah2ax_valley,a.u.,0.5307884812355042,0.531012773513794,-0.00022429227828979492,True
case06,Buccal mucosa / cheek infiltrative crescent,cheek_superficial,true_vessel_sink,"Bystander, anatomical vascular sink",uniform_body_sink_mass_matched,"Bystander, uniform body sink (mass matched)",mean_tunel_valley,mean_tunel_valley,a.u.,0.9008257985115051,0.8827782273292542,0.018047571182250977,False
case06,Buccal mucosa / cheek infiltrative crescent,cheek_superficial,true_vessel_sink,"Bystander, anatomical vascular sink",uniform_body_sink_mass_matched,"Bystander, uniform body sink (mass matched)",cytokine_valley_roi_auc,cytokine_valley_roi_auc,a.u.,1714.9835205078125,1457.5489501953125,257.4345703125,False
case06,Buccal mucosa / cheek infiltrative crescent,cheek_superficial,true_vessel_sink,"Bystander, anatomical vascular sink",uniform_body_sink_mass_matched,"Bystander, uniform body sink (mass matched)",cytokine_global_auc,cytokine_global_auc,a.u.,128.13238525390625,109.9443588256836,18.188026428222656,False
case06,Buccal mucosa / cheek infiltrative crescent,cheek_superficial,true_vessel_sink,"Bystander, anatomical vascular sink",blurred_vessel_sink_sigma10mm,"Bystander, blurred vessel sink (10 mm sigma)",mean_gammah2ax_valley,mean_gammah2ax_valley,a.u.,0.5307884812355042,0.531171977519989,-0.0003834962844848633,True
case06,Buccal mucosa / cheek infiltrative crescent,cheek_superficial,true_vessel_sink,"Bystander, anatomical vascular sink",blurred_vessel_sink_sigma10mm,"Bystander, blurred vessel sink (10 mm sigma)",mean_tunel_valley,mean_tunel_valley,a.u.,0.9008257985115051,0.8836991786956787,0.017126619815826416,False
case06,Buccal mucosa / cheek infiltrative crescent,cheek_superficial,true_vessel_sink,"Bystander, anatomical vascular sink",blurred_vessel_sink_sigma10mm,"Bystander, blurred vessel sink (10 mm sigma)",cytokine_valley_roi_auc,cytokine_valley_roi_auc,a.u.,1714.9835205078125,1565.618408203125,149.3651123046875,False
case06,Buccal mucosa / cheek infiltrative crescent,cheek_superficial,true_vessel_sink,"Bystander, anatomical vascular sink",blurred_vessel_sink_sigma10mm,"Bystander, blurred vessel sink (10 mm sigma)",cytokine_global_auc,cytokine_global_auc,a.u.,128.13238525390625,117.40950012207031,10.722885131835938,False
case06,Buccal mucosa / cheek infiltrative crescent,cheek_superficial,true_vessel_sink,"Bystander, anatomical vascular sink",peri_gtv_shell_sink_5_20mm,"Bystander, peri-GTV shell sink (5-20 mm)",mean_gammah2ax_valley,mean_gammah2ax_valley,a.u.,0.5307884812355042,0.5318626761436462,-0.0010741949081420898,True
case06,Buccal mucosa / cheek infiltrative crescent,cheek_superficial,true_vessel_sink,"Bystander, anatomical vascular sink",peri_gtv_shell_sink_5_20mm,"Bystander, peri-GTV shell sink (5-20 mm)",mean_tunel_valley,mean_tunel_valley,a.u.,0.9008257985115051,0.8987849950790405,0.0020408034324645996,False
case06,Buccal mucosa / cheek infiltrative crescent,cheek_superficial,true_vessel_sink,"Bystander, anatomical vascular sink",peri_gtv_shell_sink_5_20mm,"Bystander, peri-GTV shell sink (5-20 mm)",cytokine_valley_roi_auc,cytokine_valley_roi_auc,a.u.,1714.9835205078125,1697.59423828125,17.3892822265625,False
case06,Buccal mucosa / cheek infiltrative crescent,cheek_superficial,true_vessel_sink,"Bystander, anatomical vascular sink",peri_gtv_shell_sink_5_20mm,"Bystander, peri-GTV shell sink (5-20 mm)",cytokine_global_auc,cytokine_global_auc,a.u.,128.13238525390625,116.68685913085938,11.445526123046875,False
case06,Buccal mucosa / cheek infiltrative crescent,cheek_superficial,true_vessel_sink,"Bystander, anatomical vascular sink",distance_decay_sink_lambda15mm,"Bystander, distance-decay sink (lambda 15 mm)",mean_gammah2ax_valley,mean_gammah2ax_valley,a.u.,0.5307884812355042,0.5310385823249817,-0.00025010108947753906,True
case06,Buccal mucosa / cheek infiltrative crescent,cheek_superficial,true_vessel_sink,"Bystander, anatomical vascular sink",distance_decay_sink_lambda15mm,"Bystander, distance-decay sink (lambda 15 mm)",mean_tunel_valley,mean_tunel_valley,a.u.,0.9008257985115051,0.8763607144355774,0.024465084075927734,False
case06,Buccal mucosa / cheek infiltrative crescent,cheek_superficial,true_vessel_sink,"Bystander, anatomical vascular sink",distance_decay_sink_lambda15mm,"Bystander, distance-decay sink (lambda 15 mm)",cytokine_valley_roi_auc,cytokine_valley_roi_auc,a.u.,1714.9835205078125,1549.6488037109375,165.334716796875,False
case06,Buccal mucosa / cheek infiltrative crescent,cheek_superficial,true_vessel_sink,"Bystander, anatomical vascular sink",distance_decay_sink_lambda15mm,"Bystander, distance-decay sink (lambda 15 mm)",cytokine_global_auc,cytokine_global_auc,a.u.,128.13238525390625,111.82406616210938,16.308319091796875,False
case07,Oral tongue / floor-of-mouth horseshoe,oral_tongue_floor_mouth,true_vessel_sink,"Bystander, anatomical vascular sink",no_sink,"Bystander, no vascular sink",mean_gammah2ax_valley,mean_gammah2ax_valley,a.u.,0.4786982536315918,0.4795982539653778,-0.0009000003337860107,True
case07,Oral tongue / floor-of-mouth horseshoe,oral_tongue_floor_mouth,true_vessel_sink,"Bystander, anatomical vascular sink",no_sink,"Bystander, no vascular sink",mean_tunel_valley,mean_tunel_valley,a.u.,0.8638595342636108,0.8788699507713318,-0.015010416507720947,True
case07,Oral tongue / floor-of-mouth horseshoe,oral_tongue_floor_mouth,true_vessel_sink,"Bystander, anatomical vascular sink",no_sink,"Bystander, no vascular sink",cytokine_valley_roi_auc,cytokine_valley_roi_auc,a.u.,1419.5419921875,1481.8489990234375,-62.3070068359375,True
case07,Oral tongue / floor-of-mouth horseshoe,oral_tongue_floor_mouth,true_vessel_sink,"Bystander, anatomical vascular sink",no_sink,"Bystander, no vascular sink",cytokine_global_auc,cytokine_global_auc,a.u.,135.66064453125,141.69711303710938,-6.036468505859375,True
case07,Oral tongue / floor-of-mouth horseshoe,oral_tongue_floor_mouth,true_vessel_sink,"Bystander, anatomical vascular sink",mirror_lr_sink,"Bystander, mirrored left-right vessel sink",mean_gammah2ax_valley,mean_gammah2ax_valley,a.u.,0.4786982536315918,0.4786982536315918,0.0,False
case07,Oral tongue / floor-of-mouth horseshoe,oral_tongue_floor_mouth,true_vessel_sink,"Bystander, anatomical vascular sink",mirror_lr_sink,"Bystander, mirrored left-right vessel sink",mean_tunel_valley,mean_tunel_valley,a.u.,0.8638595342636108,0.8638595342636108,0.0,False
case07,Oral tongue / floor-of-mouth horseshoe,oral_tongue_floor_mouth,true_vessel_sink,"Bystander, anatomical vascular sink",mirror_lr_sink,"Bystander, mirrored left-right vessel sink",cytokine_valley_roi_auc,cytokine_valley_roi_auc,a.u.,1419.5419921875,1419.5419921875,0.0,False
case07,Oral tongue / floor-of-mouth horseshoe,oral_tongue_floor_mouth,true_vessel_sink,"Bystander, anatomical vascular sink",mirror_lr_sink,"Bystander, mirrored left-right vessel sink",cytokine_global_auc,cytokine_global_auc,a.u.,135.66064453125,135.66064453125,0.0,False
case07,Oral tongue / floor-of-mouth horseshoe,oral_tongue_floor_mouth,true_vessel_sink,"Bystander, anatomical vascular sink",shifted_sink_12mm_ap,"Bystander, vessel sink shifted 12 mm anterior",mean_gammah2ax_valley,mean_gammah2ax_valley,a.u.,0.4786982536315918,0.4780646562576294,0.0006335973739624023,False
case07,Oral tongue / floor-of-mouth horseshoe,oral_tongue_floor_mouth,true_vessel_sink,"Bystander, anatomical vascular sink",shifted_sink_12mm_ap,"Bystander, vessel sink shifted 12 mm anterior",mean_tunel_valley,mean_tunel_valley,a.u.,0.8638595342636108,0.8446184396743774,0.0192410945892334,False
case07,Oral tongue / floor-of-mouth horseshoe,oral_tongue_floor_mouth,true_vessel_sink,"Bystander, anatomical vascular sink",shifted_sink_12mm_ap,"Bystander, vessel sink shifted 12 mm anterior",cytokine_valley_roi_auc,cytokine_valley_roi_auc,a.u.,1419.5419921875,1295.446044921875,124.095947265625,False
case07,Oral tongue / floor-of-mouth horseshoe,oral_tongue_floor_mouth,true_vessel_sink,"Bystander, anatomical vascular sink",shifted_sink_12mm_ap,"Bystander, vessel sink shifted 12 mm anterior",cytokine_global_auc,cytokine_global_auc,a.u.,135.66064453125,132.02871704101562,3.631927490234375,False
case07,Oral tongue / floor-of-mouth horseshoe,oral_tongue_floor_mouth,true_vessel_sink,"Bystander, anatomical vascular sink",uniform_body_sink_mass_matched,"Bystander, uniform body sink (mass matched)",mean_gammah2ax_valley,mean_gammah2ax_valley,a.u.,0.4786982536315918,0.4796141982078552,-0.0009159445762634277,True
case07,Oral tongue / floor-of-mouth horseshoe,oral_tongue_floor_mouth,true_vessel_sink,"Bystander, anatomical vascular sink",uniform_body_sink_mass_matched,"Bystander, uniform body sink (mass matched)",mean_tunel_valley,mean_tunel_valley,a.u.,0.8638595342636108,0.8437765836715698,0.020082950592041016,False
case07,Oral tongue / floor-of-mouth horseshoe,oral_tongue_floor_mouth,true_vessel_sink,"Bystander, anatomical vascular sink",uniform_body_sink_mass_matched,"Bystander, uniform body sink (mass matched)",cytokine_valley_roi_auc,cytokine_valley_roi_auc,a.u.,1419.5419921875,1212.2423095703125,207.2996826171875,False
case07,Oral tongue / floor-of-mouth horseshoe,oral_tongue_floor_mouth,true_vessel_sink,"Bystander, anatomical vascular sink",uniform_body_sink_mass_matched,"Bystander, uniform body sink (mass matched)",cytokine_global_auc,cytokine_global_auc,a.u.,135.66064453125,116.90328979492188,18.757354736328125,False
case07,Oral tongue / floor-of-mouth horseshoe,oral_tongue_floor_mouth,true_vessel_sink,"Bystander, anatomical vascular sink",blurred_vessel_sink_sigma10mm,"Bystander, blurred vessel sink (10 mm sigma)",mean_gammah2ax_valley,mean_gammah2ax_valley,a.u.,0.4786982536315918,0.4787926971912384,-9.444355964660645e-05,True
case07,Oral tongue / floor-of-mouth horseshoe,oral_tongue_floor_mouth,true_vessel_sink,"Bystander, anatomical vascular sink",blurred_vessel_sink_sigma10mm,"Bystander, blurred vessel sink (10 mm sigma)",mean_tunel_valley,mean_tunel_valley,a.u.,0.8638595342636108,0.8300688862800598,0.033790647983551025,False
case07,Oral tongue / floor-of-mouth horseshoe,oral_tongue_floor_mouth,true_vessel_sink,"Bystander, anatomical vascular sink",blurred_vessel_sink_sigma10mm,"Bystander, blurred vessel sink (10 mm sigma)",cytokine_valley_roi_auc,cytokine_valley_roi_auc,a.u.,1419.5419921875,1219.002197265625,200.539794921875,False
case07,Oral tongue / floor-of-mouth horseshoe,oral_tongue_floor_mouth,true_vessel_sink,"Bystander, anatomical vascular sink",blurred_vessel_sink_sigma10mm,"Bystander, blurred vessel sink (10 mm sigma)",cytokine_global_auc,cytokine_global_auc,a.u.,135.66064453125,122.38582611083984,13.274818420410156,False
case07,Oral tongue / floor-of-mouth horseshoe,oral_tongue_floor_mouth,true_vessel_sink,"Bystander, anatomical vascular sink",peri_gtv_shell_sink_5_20mm,"Bystander, peri-GTV shell sink (5-20 mm)",mean_gammah2ax_valley,mean_gammah2ax_valley,a.u.,0.4786982536315918,0.48034289479255676,-0.0016446411609649658,True
case07,Oral tongue / floor-of-mouth horseshoe,oral_tongue_floor_mouth,true_vessel_sink,"Bystander, anatomical vascular sink",peri_gtv_shell_sink_5_20mm,"Bystander, peri-GTV shell sink (5-20 mm)",mean_tunel_valley,mean_tunel_valley,a.u.,0.8638595342636108,0.8638822436332703,-2.2709369659423828e-05,True
case07,Oral tongue / floor-of-mouth horseshoe,oral_tongue_floor_mouth,true_vessel_sink,"Bystander, anatomical vascular sink",peri_gtv_shell_sink_5_20mm,"Bystander, peri-GTV shell sink (5-20 mm)",cytokine_valley_roi_auc,cytokine_valley_roi_auc,a.u.,1419.5419921875,1406.57666015625,12.96533203125,False
case07,Oral tongue / floor-of-mouth horseshoe,oral_tongue_floor_mouth,true_vessel_sink,"Bystander, anatomical vascular sink",peri_gtv_shell_sink_5_20mm,"Bystander, peri-GTV shell sink (5-20 mm)",cytokine_global_auc,cytokine_global_auc,a.u.,135.66064453125,125.02271270751953,10.637931823730469,False
case07,Oral tongue / floor-of-mouth horseshoe,oral_tongue_floor_mouth,true_vessel_sink,"Bystander, anatomical vascular sink",distance_decay_sink_lambda15mm,"Bystander, distance-decay sink (lambda 15 mm)",mean_gammah2ax_valley,mean_gammah2ax_valley,a.u.,0.4786982536315918,0.4793345332145691,-0.0006362795829772949,True
case07,Oral tongue / floor-of-mouth horseshoe,oral_tongue_floor_mouth,true_vessel_sink,"Bystander, anatomical vascular sink",distance_decay_sink_lambda15mm,"Bystander, distance-decay sink (lambda 15 mm)",mean_tunel_valley,mean_tunel_valley,a.u.,0.8638595342636108,0.8342223167419434,0.02963721752166748,False
case07,Oral tongue / floor-of-mouth horseshoe,oral_tongue_floor_mouth,true_vessel_sink,"Bystander, anatomical vascular sink",distance_decay_sink_lambda15mm,"Bystander, distance-decay sink (lambda 15 mm)",cytokine_valley_roi_auc,cytokine_valley_roi_auc,a.u.,1419.5419921875,1263.356689453125,156.185302734375,False
case07,Oral tongue / floor-of-mouth horseshoe,oral_tongue_floor_mouth,true_vessel_sink,"Bystander, anatomical vascular sink",distance_decay_sink_lambda15mm,"Bystander, distance-decay sink (lambda 15 mm)",cytokine_global_auc,cytokine_global_auc,a.u.,135.66064453125,120.39897155761719,15.261672973632812,False
case08,Bulky nodal conglomerate level II-IV with central necrosis,nodal_neck,true_vessel_sink,"Bystander, anatomical vascular sink",no_sink,"Bystander, no vascular sink",mean_gammah2ax_valley,mean_gammah2ax_valley,a.u.,0.551954448223114,0.5524612069129944,-0.0005067586898803711,True
case08,Bulky nodal conglomerate level II-IV with central necrosis,nodal_neck,true_vessel_sink,"Bystander, anatomical vascular sink",no_sink,"Bystander, no vascular sink",mean_tunel_valley,mean_tunel_valley,a.u.,0.8858665823936462,0.9041734933853149,-0.0183069109916687,True
case08,Bulky nodal conglomerate level II-IV with central necrosis,nodal_neck,true_vessel_sink,"Bystander, anatomical vascular sink",no_sink,"Bystander, no vascular sink",cytokine_valley_roi_auc,cytokine_valley_roi_auc,a.u.,1496.5955810546875,1680.7015380859375,-184.10595703125,True
case08,Bulky nodal conglomerate level II-IV with central necrosis,nodal_neck,true_vessel_sink,"Bystander, anatomical vascular sink",no_sink,"Bystander, no vascular sink",cytokine_global_auc,cytokine_global_auc,a.u.,158.7623291015625,173.43435668945312,-14.672027587890625,True
case08,Bulky nodal conglomerate level II-IV with central necrosis,nodal_neck,true_vessel_sink,"Bystander, anatomical vascular sink",mirror_lr_sink,"Bystander, mirrored left-right vessel sink",mean_gammah2ax_valley,mean_gammah2ax_valley,a.u.,0.551954448223114,0.551954448223114,0.0,False
case08,Bulky nodal conglomerate level II-IV with central necrosis,nodal_neck,true_vessel_sink,"Bystander, anatomical vascular sink",mirror_lr_sink,"Bystander, mirrored left-right vessel sink",mean_tunel_valley,mean_tunel_valley,a.u.,0.8858665823936462,0.8858665823936462,0.0,False
case08,Bulky nodal conglomerate level II-IV with central necrosis,nodal_neck,true_vessel_sink,"Bystander, anatomical vascular sink",mirror_lr_sink,"Bystander, mirrored left-right vessel sink",cytokine_valley_roi_auc,cytokine_valley_roi_auc,a.u.,1496.5955810546875,1496.5955810546875,0.0,False
case08,Bulky nodal conglomerate level II-IV with central necrosis,nodal_neck,true_vessel_sink,"Bystander, anatomical vascular sink",mirror_lr_sink,"Bystander, mirrored left-right vessel sink",cytokine_global_auc,cytokine_global_auc,a.u.,158.7623291015625,158.7623291015625,0.0,False
case08,Bulky nodal conglomerate level II-IV with central necrosis,nodal_neck,true_vessel_sink,"Bystander, anatomical vascular sink",shifted_sink_12mm_ap,"Bystander, vessel sink shifted 12 mm anterior",mean_gammah2ax_valley,mean_gammah2ax_valley,a.u.,0.551954448223114,0.5517674088478088,0.00018703937530517578,False
case08,Bulky nodal conglomerate level II-IV with central necrosis,nodal_neck,true_vessel_sink,"Bystander, anatomical vascular sink",shifted_sink_12mm_ap,"Bystander, vessel sink shifted 12 mm anterior",mean_tunel_valley,mean_tunel_valley,a.u.,0.8858665823936462,0.8837308883666992,0.0021356940269470215,False
case08,Bulky nodal conglomerate level II-IV with central necrosis,nodal_neck,true_vessel_sink,"Bystander, anatomical vascular sink",shifted_sink_12mm_ap,"Bystander, vessel sink shifted 12 mm anterior",cytokine_valley_roi_auc,cytokine_valley_roi_auc,a.u.,1496.5955810546875,1476.958740234375,19.6368408203125,False
case08,Bulky nodal conglomerate level II-IV with central necrosis,nodal_neck,true_vessel_sink,"Bystander, anatomical vascular sink",shifted_sink_12mm_ap,"Bystander, vessel sink shifted 12 mm anterior",cytokine_global_auc,cytokine_global_auc,a.u.,158.7623291015625,159.4004669189453,-0.6381378173828125,True
case08,Bulky nodal conglomerate level II-IV with central necrosis,nodal_neck,true_vessel_sink,"Bystander, anatomical vascular sink",uniform_body_sink_mass_matched,"Bystander, uniform body sink (mass matched)",mean_gammah2ax_valley,mean_gammah2ax_valley,a.u.,0.551954448223114,0.5524761080741882,-0.0005216598510742188,True
case08,Bulky nodal conglomerate level II-IV with central necrosis,nodal_neck,true_vessel_sink,"Bystander, anatomical vascular sink",uniform_body_sink_mass_matched,"Bystander, uniform body sink (mass matched)",mean_tunel_valley,mean_tunel_valley,a.u.,0.8858665823936462,0.8764256238937378,0.009440958499908447,False
case08,Bulky nodal conglomerate level II-IV with central necrosis,nodal_neck,true_vessel_sink,"Bystander, anatomical vascular sink",uniform_body_sink_mass_matched,"Bystander, uniform body sink (mass matched)",cytokine_valley_roi_auc,cytokine_valley_roi_auc,a.u.,1496.5955810546875,1380.033447265625,116.5621337890625,False
case08,Bulky nodal conglomerate level II-IV with central necrosis,nodal_neck,true_vessel_sink,"Bystander, anatomical vascular sink",uniform_body_sink_mass_matched,"Bystander, uniform body sink (mass matched)",cytokine_global_auc,cytokine_global_auc,a.u.,158.7623291015625,143.3502197265625,15.412109375,False
case08,Bulky nodal conglomerate level II-IV with central necrosis,nodal_neck,true_vessel_sink,"Bystander, anatomical vascular sink",blurred_vessel_sink_sigma10mm,"Bystander, blurred vessel sink (10 mm sigma)",mean_gammah2ax_valley,mean_gammah2ax_valley,a.u.,0.551954448223114,0.5520541667938232,-9.971857070922852e-05,True
case08,Bulky nodal conglomerate level II-IV with central necrosis,nodal_neck,true_vessel_sink,"Bystander, anatomical vascular sink",blurred_vessel_sink_sigma10mm,"Bystander, blurred vessel sink (10 mm sigma)",mean_tunel_valley,mean_tunel_valley,a.u.,0.8858665823936462,0.8514065742492676,0.03446000814437866,False
case08,Bulky nodal conglomerate level II-IV with central necrosis,nodal_neck,true_vessel_sink,"Bystander, anatomical vascular sink",blurred_vessel_sink_sigma10mm,"Bystander, blurred vessel sink (10 mm sigma)",cytokine_valley_roi_auc,cytokine_valley_roi_auc,a.u.,1496.5955810546875,1147.8360595703125,348.759521484375,False
case08,Bulky nodal conglomerate level II-IV with central necrosis,nodal_neck,true_vessel_sink,"Bystander, anatomical vascular sink",blurred_vessel_sink_sigma10mm,"Bystander, blurred vessel sink (10 mm sigma)",cytokine_global_auc,cytokine_global_auc,a.u.,158.7623291015625,135.7601776123047,23.002151489257812,False
case08,Bulky nodal conglomerate level II-IV with central necrosis,nodal_neck,true_vessel_sink,"Bystander, anatomical vascular sink",peri_gtv_shell_sink_5_20mm,"Bystander, peri-GTV shell sink (5-20 mm)",mean_gammah2ax_valley,mean_gammah2ax_valley,a.u.,0.551954448223114,0.5529341101646423,-0.0009796619415283203,True
case08,Bulky nodal conglomerate level II-IV with central necrosis,nodal_neck,true_vessel_sink,"Bystander, anatomical vascular sink",peri_gtv_shell_sink_5_20mm,"Bystander, peri-GTV shell sink (5-20 mm)",mean_tunel_valley,mean_tunel_valley,a.u.,0.8858665823936462,0.8936758637428284,-0.007809281349182129,True
case08,Bulky nodal conglomerate level II-IV with central necrosis,nodal_neck,true_vessel_sink,"Bystander, anatomical vascular sink",peri_gtv_shell_sink_5_20mm,"Bystander, peri-GTV shell sink (5-20 mm)",cytokine_valley_roi_auc,cytokine_valley_roi_auc,a.u.,1496.5955810546875,1623.845947265625,-127.2503662109375,True
case08,Bulky nodal conglomerate level II-IV with central necrosis,nodal_neck,true_vessel_sink,"Bystander, anatomical vascular sink",peri_gtv_shell_sink_5_20mm,"Bystander, peri-GTV shell sink (5-20 mm)",cytokine_global_auc,cytokine_global_auc,a.u.,158.7623291015625,157.0121612548828,1.7501678466796875,False
case08,Bulky nodal conglomerate level II-IV with central necrosis,nodal_neck,true_vessel_sink,"Bystander, anatomical vascular sink",distance_decay_sink_lambda15mm,"Bystander, distance-decay sink (lambda 15 mm)",mean_gammah2ax_valley,mean_gammah2ax_valley,a.u.,0.551954448223114,0.5524355173110962,-0.00048106908798217773,True
case08,Bulky nodal conglomerate level II-IV with central necrosis,nodal_neck,true_vessel_sink,"Bystander, anatomical vascular sink",distance_decay_sink_lambda15mm,"Bystander, distance-decay sink (lambda 15 mm)",mean_tunel_valley,mean_tunel_valley,a.u.,0.8858665823936462,0.8732693195343018,0.012597262859344482,False
case08,Bulky nodal conglomerate level II-IV with central necrosis,nodal_neck,true_vessel_sink,"Bystander, anatomical vascular sink",distance_decay_sink_lambda15mm,"Bystander, distance-decay sink (lambda 15 mm)",cytokine_valley_roi_auc,cytokine_valley_roi_auc,a.u.,1496.5955810546875,1505.263427734375,-8.6678466796875,True
case08,Bulky nodal conglomerate level II-IV with central necrosis,nodal_neck,true_vessel_sink,"Bystander, anatomical vascular sink",distance_decay_sink_lambda15mm,"Bystander, distance-decay sink (lambda 15 mm)",cytokine_global_auc,cytokine_global_auc,a.u.,158.7623291015625,151.41952514648438,7.342803955078125,False
case09,Deep parotid / infratemporal fossa bulky mass,deep_parotid_infratemporal,true_vessel_sink,"Bystander, anatomical vascular sink",no_sink,"Bystander, no vascular sink",mean_gammah2ax_valley,mean_gammah2ax_valley,a.u.,0.5247550010681152,0.5243804454803467,0.0003745555877685547,False
case09,Deep parotid / infratemporal fossa bulky mass,deep_parotid_infratemporal,true_vessel_sink,"Bystander, anatomical vascular sink",no_sink,"Bystander, no vascular sink",mean_tunel_valley,mean_tunel_valley,a.u.,0.8956592082977295,0.9049504399299622,-0.009291231632232666,True
case09,Deep parotid / infratemporal fossa bulky mass,deep_parotid_infratemporal,true_vessel_sink,"Bystander, anatomical vascular sink",no_sink,"Bystander, no vascular sink",cytokine_valley_roi_auc,cytokine_valley_roi_auc,a.u.,1688.286865234375,1816.754150390625,-128.46728515625,True
case09,Deep parotid / infratemporal fossa bulky mass,deep_parotid_infratemporal,true_vessel_sink,"Bystander, anatomical vascular sink",no_sink,"Bystander, no vascular sink",cytokine_global_auc,cytokine_global_auc,a.u.,148.8852081298828,159.05923461914062,-10.174026489257812,True
case09,Deep parotid / infratemporal fossa bulky mass,deep_parotid_infratemporal,true_vessel_sink,"Bystander, anatomical vascular sink",mirror_lr_sink,"Bystander, mirrored left-right vessel sink",mean_gammah2ax_valley,mean_gammah2ax_valley,a.u.,0.5247550010681152,0.5247550010681152,0.0,False
case09,Deep parotid / infratemporal fossa bulky mass,deep_parotid_infratemporal,true_vessel_sink,"Bystander, anatomical vascular sink",mirror_lr_sink,"Bystander, mirrored left-right vessel sink",mean_tunel_valley,mean_tunel_valley,a.u.,0.8956592082977295,0.8956592082977295,0.0,False
case09,Deep parotid / infratemporal fossa bulky mass,deep_parotid_infratemporal,true_vessel_sink,"Bystander, anatomical vascular sink",mirror_lr_sink,"Bystander, mirrored left-right vessel sink",cytokine_valley_roi_auc,cytokine_valley_roi_auc,a.u.,1688.286865234375,1688.286865234375,0.0,False
case09,Deep parotid / infratemporal fossa bulky mass,deep_parotid_infratemporal,true_vessel_sink,"Bystander, anatomical vascular sink",mirror_lr_sink,"Bystander, mirrored left-right vessel sink",cytokine_global_auc,cytokine_global_auc,a.u.,148.8852081298828,148.8852081298828,0.0,False
case09,Deep parotid / infratemporal fossa bulky mass,deep_parotid_infratemporal,true_vessel_sink,"Bystander, anatomical vascular sink",shifted_sink_12mm_ap,"Bystander, vessel sink shifted 12 mm anterior",mean_gammah2ax_valley,mean_gammah2ax_valley,a.u.,0.5247550010681152,0.5248546600341797,-9.965896606445312e-05,True
case09,Deep parotid / infratemporal fossa bulky mass,deep_parotid_infratemporal,true_vessel_sink,"Bystander, anatomical vascular sink",shifted_sink_12mm_ap,"Bystander, vessel sink shifted 12 mm anterior",mean_tunel_valley,mean_tunel_valley,a.u.,0.8956592082977295,0.8983842134475708,-0.0027250051498413086,True
case09,Deep parotid / infratemporal fossa bulky mass,deep_parotid_infratemporal,true_vessel_sink,"Bystander, anatomical vascular sink",shifted_sink_12mm_ap,"Bystander, vessel sink shifted 12 mm anterior",cytokine_valley_roi_auc,cytokine_valley_roi_auc,a.u.,1688.286865234375,1683.7164306640625,4.5704345703125,False
case09,Deep parotid / infratemporal fossa bulky mass,deep_parotid_infratemporal,true_vessel_sink,"Bystander, anatomical vascular sink",shifted_sink_12mm_ap,"Bystander, vessel sink shifted 12 mm anterior",cytokine_global_auc,cytokine_global_auc,a.u.,148.8852081298828,147.8607940673828,1.0244140625,False
case09,Deep parotid / infratemporal fossa bulky mass,deep_parotid_infratemporal,true_vessel_sink,"Bystander, anatomical vascular sink",uniform_body_sink_mass_matched,"Bystander, uniform body sink (mass matched)",mean_gammah2ax_valley,mean_gammah2ax_valley,a.u.,0.5247550010681152,0.5243858098983765,0.00036919116973876953,False
case09,Deep parotid / infratemporal fossa bulky mass,deep_parotid_infratemporal,true_vessel_sink,"Bystander, anatomical vascular sink",uniform_body_sink_mass_matched,"Bystander, uniform body sink (mass matched)",mean_tunel_valley,mean_tunel_valley,a.u.,0.8956592082977295,0.8765737414360046,0.019085466861724854,False
case09,Deep parotid / infratemporal fossa bulky mass,deep_parotid_infratemporal,true_vessel_sink,"Bystander, anatomical vascular sink",uniform_body_sink_mass_matched,"Bystander, uniform body sink (mass matched)",cytokine_valley_roi_auc,cytokine_valley_roi_auc,a.u.,1688.286865234375,1490.3203125,197.966552734375,False
case09,Deep parotid / infratemporal fossa bulky mass,deep_parotid_infratemporal,true_vessel_sink,"Bystander, anatomical vascular sink",uniform_body_sink_mass_matched,"Bystander, uniform body sink (mass matched)",cytokine_global_auc,cytokine_global_auc,a.u.,148.8852081298828,131.38702392578125,17.498184204101562,False
case09,Deep parotid / infratemporal fossa bulky mass,deep_parotid_infratemporal,true_vessel_sink,"Bystander, anatomical vascular sink",blurred_vessel_sink_sigma10mm,"Bystander, blurred vessel sink (10 mm sigma)",mean_gammah2ax_valley,mean_gammah2ax_valley,a.u.,0.5247550010681152,0.5245487093925476,0.00020629167556762695,False
case09,Deep parotid / infratemporal fossa bulky mass,deep_parotid_infratemporal,true_vessel_sink,"Bystander, anatomical vascular sink",blurred_vessel_sink_sigma10mm,"Bystander, blurred vessel sink (10 mm sigma)",mean_tunel_valley,mean_tunel_valley,a.u.,0.8956592082977295,0.8718141317367554,0.02384507656097412,False
case09,Deep parotid / infratemporal fossa bulky mass,deep_parotid_infratemporal,true_vessel_sink,"Bystander, anatomical vascular sink",blurred_vessel_sink_sigma10mm,"Bystander, blurred vessel sink (10 mm sigma)",cytokine_valley_roi_auc,cytokine_valley_roi_auc,a.u.,1688.286865234375,1448.992919921875,239.2939453125,False
case09,Deep parotid / infratemporal fossa bulky mass,deep_parotid_infratemporal,true_vessel_sink,"Bystander, anatomical vascular sink",blurred_vessel_sink_sigma10mm,"Bystander, blurred vessel sink (10 mm sigma)",cytokine_global_auc,cytokine_global_auc,a.u.,148.8852081298828,131.39263916015625,17.492568969726562,False
case09,Deep parotid / infratemporal fossa bulky mass,deep_parotid_infratemporal,true_vessel_sink,"Bystander, anatomical vascular sink",peri_gtv_shell_sink_5_20mm,"Bystander, peri-GTV shell sink (5-20 mm)",mean_gammah2ax_valley,mean_gammah2ax_valley,a.u.,0.5247550010681152,0.5252494215965271,-0.0004944205284118652,True
case09,Deep parotid / infratemporal fossa bulky mass,deep_parotid_infratemporal,true_vessel_sink,"Bystander, anatomical vascular sink",peri_gtv_shell_sink_5_20mm,"Bystander, peri-GTV shell sink (5-20 mm)",mean_tunel_valley,mean_tunel_valley,a.u.,0.8956592082977295,0.8945503830909729,0.0011088252067565918,False
case09,Deep parotid / infratemporal fossa bulky mass,deep_parotid_infratemporal,true_vessel_sink,"Bystander, anatomical vascular sink",peri_gtv_shell_sink_5_20mm,"Bystander, peri-GTV shell sink (5-20 mm)",cytokine_valley_roi_auc,cytokine_valley_roi_auc,a.u.,1688.286865234375,1756.2890625,-68.002197265625,True
case09,Deep parotid / infratemporal fossa bulky mass,deep_parotid_infratemporal,true_vessel_sink,"Bystander, anatomical vascular sink",peri_gtv_shell_sink_5_20mm,"Bystander, peri-GTV shell sink (5-20 mm)",cytokine_global_auc,cytokine_global_auc,a.u.,148.8852081298828,141.02450561523438,7.8607025146484375,False
case09,Deep parotid / infratemporal fossa bulky mass,deep_parotid_infratemporal,true_vessel_sink,"Bystander, anatomical vascular sink",distance_decay_sink_lambda15mm,"Bystander, distance-decay sink (lambda 15 mm)",mean_gammah2ax_valley,mean_gammah2ax_valley,a.u.,0.5247550010681152,0.5245720744132996,0.00018292665481567383,False
case09,Deep parotid / infratemporal fossa bulky mass,deep_parotid_infratemporal,true_vessel_sink,"Bystander, anatomical vascular sink",distance_decay_sink_lambda15mm,"Bystander, distance-decay sink (lambda 15 mm)",mean_tunel_valley,mean_tunel_valley,a.u.,0.8956592082977295,0.8759194612503052,0.019739747047424316,False
case09,Deep parotid / infratemporal fossa bulky mass,deep_parotid_infratemporal,true_vessel_sink,"Bystander, anatomical vascular sink",distance_decay_sink_lambda15mm,"Bystander, distance-decay sink (lambda 15 mm)",cytokine_valley_roi_auc,cytokine_valley_roi_auc,a.u.,1688.286865234375,1651.8441162109375,36.4427490234375,False
case09,Deep parotid / infratemporal fossa bulky mass,deep_parotid_infratemporal,true_vessel_sink,"Bystander, anatomical vascular sink",distance_decay_sink_lambda15mm,"Bystander, distance-decay sink (lambda 15 mm)",cytokine_global_auc,cytokine_global_auc,a.u.,148.8852081298828,137.74496459960938,11.140243530273438,False
case10,Composite oropharynx + upper-neck very bulky tumour,composite_oropharynx_upper_neck,true_vessel_sink,"Bystander, anatomical vascular sink",no_sink,"Bystander, no vascular sink",mean_gammah2ax_valley,mean_gammah2ax_valley,a.u.,0.5345745086669922,0.5350176095962524,-0.0004431009292602539,True
case10,Composite oropharynx + upper-neck very bulky tumour,composite_oropharynx_upper_neck,true_vessel_sink,"Bystander, anatomical vascular sink",no_sink,"Bystander, no vascular sink",mean_tunel_valley,mean_tunel_valley,a.u.,0.9061189293861389,0.9222092032432556,-0.0160902738571167,True
case10,Composite oropharynx + upper-neck very bulky tumour,composite_oropharynx_upper_neck,true_vessel_sink,"Bystander, anatomical vascular sink",no_sink,"Bystander, no vascular sink",cytokine_valley_roi_auc,cytokine_valley_roi_auc,a.u.,1769.117431640625,2001.569580078125,-232.4521484375,True
case10,Composite oropharynx + upper-neck very bulky tumour,composite_oropharynx_upper_neck,true_vessel_sink,"Bystander, anatomical vascular sink",no_sink,"Bystander, no vascular sink",cytokine_global_auc,cytokine_global_auc,a.u.,231.6350555419922,254.38449096679688,-22.749435424804688,True
case10,Composite oropharynx + upper-neck very bulky tumour,composite_oropharynx_upper_neck,true_vessel_sink,"Bystander, anatomical vascular sink",mirror_lr_sink,"Bystander, mirrored left-right vessel sink",mean_gammah2ax_valley,mean_gammah2ax_valley,a.u.,0.5345745086669922,0.5345745086669922,0.0,False
case10,Composite oropharynx + upper-neck very bulky tumour,composite_oropharynx_upper_neck,true_vessel_sink,"Bystander, anatomical vascular sink",mirror_lr_sink,"Bystander, mirrored left-right vessel sink",mean_tunel_valley,mean_tunel_valley,a.u.,0.9061189293861389,0.9061189293861389,0.0,False
case10,Composite oropharynx + upper-neck very bulky tumour,composite_oropharynx_upper_neck,true_vessel_sink,"Bystander, anatomical vascular sink",mirror_lr_sink,"Bystander, mirrored left-right vessel sink",cytokine_valley_roi_auc,cytokine_valley_roi_auc,a.u.,1769.117431640625,1769.117431640625,0.0,False
case10,Composite oropharynx + upper-neck very bulky tumour,composite_oropharynx_upper_neck,true_vessel_sink,"Bystander, anatomical vascular sink",mirror_lr_sink,"Bystander, mirrored left-right vessel sink",cytokine_global_auc,cytokine_global_auc,a.u.,231.6350555419922,231.6350555419922,0.0,False
case10,Composite oropharynx + upper-neck very bulky tumour,composite_oropharynx_upper_neck,true_vessel_sink,"Bystander, anatomical vascular sink",shifted_sink_12mm_ap,"Bystander, vessel sink shifted 12 mm anterior",mean_gammah2ax_valley,mean_gammah2ax_valley,a.u.,0.5345745086669922,0.5344876050949097,8.690357208251953e-05,False
case10,Composite oropharynx + upper-neck very bulky tumour,composite_oropharynx_upper_neck,true_vessel_sink,"Bystander, anatomical vascular sink",shifted_sink_12mm_ap,"Bystander, vessel sink shifted 12 mm anterior",mean_tunel_valley,mean_tunel_valley,a.u.,0.9061189293861389,0.9041424989700317,0.0019764304161071777,False
case10,Composite oropharynx + upper-neck very bulky tumour,composite_oropharynx_upper_neck,true_vessel_sink,"Bystander, anatomical vascular sink",shifted_sink_12mm_ap,"Bystander, vessel sink shifted 12 mm anterior",cytokine_valley_roi_auc,cytokine_valley_roi_auc,a.u.,1769.117431640625,1746.4163818359375,22.7010498046875,False
case10,Composite oropharynx + upper-neck very bulky tumour,composite_oropharynx_upper_neck,true_vessel_sink,"Bystander, anatomical vascular sink",shifted_sink_12mm_ap,"Bystander, vessel sink shifted 12 mm anterior",cytokine_global_auc,cytokine_global_auc,a.u.,231.6350555419922,231.4546661376953,0.180389404296875,False
case10,Composite oropharynx + upper-neck very bulky tumour,composite_oropharynx_upper_neck,true_vessel_sink,"Bystander, anatomical vascular sink",uniform_body_sink_mass_matched,"Bystander, uniform body sink (mass matched)",mean_gammah2ax_valley,mean_gammah2ax_valley,a.u.,0.5345745086669922,0.5350316166877747,-0.0004571080207824707,True
case10,Composite oropharynx + upper-neck very bulky tumour,composite_oropharynx_upper_neck,true_vessel_sink,"Bystander, anatomical vascular sink",uniform_body_sink_mass_matched,"Bystander, uniform body sink (mass matched)",mean_tunel_valley,mean_tunel_valley,a.u.,0.9061189293861389,0.8967797160148621,0.009339213371276855,False
case10,Composite oropharynx + upper-neck very bulky tumour,composite_oropharynx_upper_neck,true_vessel_sink,"Bystander, anatomical vascular sink",uniform_body_sink_mass_matched,"Bystander, uniform body sink (mass matched)",cytokine_valley_roi_auc,cytokine_valley_roi_auc,a.u.,1769.117431640625,1639.713134765625,129.404296875,False
case10,Composite oropharynx + upper-neck very bulky tumour,composite_oropharynx_upper_neck,true_vessel_sink,"Bystander, anatomical vascular sink",uniform_body_sink_mass_matched,"Bystander, uniform body sink (mass matched)",cytokine_global_auc,cytokine_global_auc,a.u.,231.6350555419922,209.91561889648438,21.719436645507812,False
case10,Composite oropharynx + upper-neck very bulky tumour,composite_oropharynx_upper_neck,true_vessel_sink,"Bystander, anatomical vascular sink",blurred_vessel_sink_sigma10mm,"Bystander, blurred vessel sink (10 mm sigma)",mean_gammah2ax_valley,mean_gammah2ax_valley,a.u.,0.5345745086669922,0.5346259474754333,-5.143880844116211e-05,True
case10,Composite oropharynx + upper-neck very bulky tumour,composite_oropharynx_upper_neck,true_vessel_sink,"Bystander, anatomical vascular sink",blurred_vessel_sink_sigma10mm,"Bystander, blurred vessel sink (10 mm sigma)",mean_tunel_valley,mean_tunel_valley,a.u.,0.9061189293861389,0.8794388771057129,0.026680052280426025,False
case10,Composite oropharynx + upper-neck very bulky tumour,composite_oropharynx_upper_neck,true_vessel_sink,"Bystander, anatomical vascular sink",blurred_vessel_sink_sigma10mm,"Bystander, blurred vessel sink (10 mm sigma)",cytokine_valley_roi_auc,cytokine_valley_roi_auc,a.u.,1769.117431640625,1411.498779296875,357.61865234375,False
case10,Composite oropharynx + upper-neck very bulky tumour,composite_oropharynx_upper_neck,true_vessel_sink,"Bystander, anatomical vascular sink",blurred_vessel_sink_sigma10mm,"Bystander, blurred vessel sink (10 mm sigma)",cytokine_global_auc,cytokine_global_auc,a.u.,231.6350555419922,198.69320678710938,32.94184875488281,False
case10,Composite oropharynx + upper-neck very bulky tumour,composite_oropharynx_upper_neck,true_vessel_sink,"Bystander, anatomical vascular sink",peri_gtv_shell_sink_5_20mm,"Bystander, peri-GTV shell sink (5-20 mm)",mean_gammah2ax_valley,mean_gammah2ax_valley,a.u.,0.5345745086669922,0.5357010960578918,-0.0011265873908996582,True
case10,Composite oropharynx + upper-neck very bulky tumour,composite_oropharynx_upper_neck,true_vessel_sink,"Bystander, anatomical vascular sink",peri_gtv_shell_sink_5_20mm,"Bystander, peri-GTV shell sink (5-20 mm)",mean_tunel_valley,mean_tunel_valley,a.u.,0.9061189293861389,0.9164864420890808,-0.010367512702941895,True
case10,Composite oropharynx + upper-neck very bulky tumour,composite_oropharynx_upper_neck,true_vessel_sink,"Bystander, anatomical vascular sink",peri_gtv_shell_sink_5_20mm,"Bystander, peri-GTV shell sink (5-20 mm)",cytokine_valley_roi_auc,cytokine_valley_roi_auc,a.u.,1769.117431640625,1967.2991943359375,-198.1817626953125,True
case10,Composite oropharynx + upper-neck very bulky tumour,composite_oropharynx_upper_neck,true_vessel_sink,"Bystander, anatomical vascular sink",peri_gtv_shell_sink_5_20mm,"Bystander, peri-GTV shell sink (5-20 mm)",cytokine_global_auc,cytokine_global_auc,a.u.,231.6350555419922,235.37620544433594,-3.74114990234375,True
case10,Composite oropharynx + upper-neck very bulky tumour,composite_oropharynx_upper_neck,true_vessel_sink,"Bystander, anatomical vascular sink",distance_decay_sink_lambda15mm,"Bystander, distance-decay sink (lambda 15 mm)",mean_gammah2ax_valley,mean_gammah2ax_valley,a.u.,0.5345745086669922,0.5353690981864929,-0.0007945895195007324,True
case10,Composite oropharynx + upper-neck very bulky tumour,composite_oropharynx_upper_neck,true_vessel_sink,"Bystander, anatomical vascular sink",distance_decay_sink_lambda15mm,"Bystander, distance-decay sink (lambda 15 mm)",mean_tunel_valley,mean_tunel_valley,a.u.,0.9061189293861389,0.9041628837585449,0.001956045627593994,False
case10,Composite oropharynx + upper-neck very bulky tumour,composite_oropharynx_upper_neck,true_vessel_sink,"Bystander, anatomical vascular sink",distance_decay_sink_lambda15mm,"Bystander, distance-decay sink (lambda 15 mm)",cytokine_valley_roi_auc,cytokine_valley_roi_auc,a.u.,1769.117431640625,1887.3060302734375,-118.1885986328125,True
case10,Composite oropharynx + upper-neck very bulky tumour,composite_oropharynx_upper_neck,true_vessel_sink,"Bystander, anatomical vascular sink",distance_decay_sink_lambda15mm,"Bystander, distance-decay sink (lambda 15 mm)",cytokine_global_auc,cytokine_global_auc,a.u.,231.6350555419922,229.82070922851562,1.8143463134765625,False
