repeat_id,seed,history_scale,histories_base,histories_spot,repeat_root,plan_id,case_label,site_group,mode,mode_label,mean_gammah2ax_peak,mean_gammah2ax_valley,mean_tunel_peak,mean_tunel_valley,mean_cytokine_final_peak,mean_cytokine_final_valley,cytokine_global_auc,cytokine_peak_roi_auc,cytokine_valley_roi_auc,immune_scalar,icd_volume_cm3
seed11_hist0p5,11,0.5,6000,12000,PROJECT_ROOT/runs/phase35_subset_repeat_uncertainty/repeat_runs/seed11_hist0p5,case02,Left maxillary sinus crescent abutting orbit,sinonasal_midface,physical_only,Physical-only,0.6638296246528625,0.4864324927330017,0.6638296246528625,0.4864324927330017,0.0,0.0,0.0,0.0,0.0,0.9815105168180339,265.424
seed11_hist0p5,11,0.5,6000,12000,PROJECT_ROOT/runs/phase35_subset_repeat_uncertainty/repeat_runs/seed11_hist0p5,case02,Left maxillary sinus crescent abutting orbit,sinonasal_midface,bystander_no_sink,"Bystander, no vascular sink",0.696556568145752,0.6457045674324036,0.9959530830383301,0.9169102311134338,143.27337646484375,60.5164794921875,138.64634704589844,3780.101318359375,1487.3751220703125,0.9815105168180339,265.424
seed11_hist0p5,11,0.5,6000,12000,PROJECT_ROOT/runs/phase35_subset_repeat_uncertainty/repeat_runs/seed11_hist0p5,case02,Left maxillary sinus crescent abutting orbit,sinonasal_midface,bystander_with_sink,"Bystander, anatomical vascular sink",0.6965728998184204,0.6453750133514404,0.995941698551178,0.9113585948944092,142.88446044921875,58.318382263183594,133.5134735107422,3776.082275390625,1444.40576171875,0.9815105168180339,265.424
seed11_hist0p5,11,0.5,6000,12000,PROJECT_ROOT/runs/phase35_subset_repeat_uncertainty/repeat_runs/seed11_hist0p5,case03,Base-of-tongue / oropharynx bilobed central mass,oropharynx_bot,physical_only,Physical-only,0.6355890035629272,0.3765350878238678,0.6355890035629272,0.3765350878238678,0.0,0.0,0.0,0.0,0.0,0.9715171125187987,170.544
seed11_hist0p5,11,0.5,6000,12000,PROJECT_ROOT/runs/phase35_subset_repeat_uncertainty/repeat_runs/seed11_hist0p5,case03,Base-of-tongue / oropharynx bilobed central mass,oropharynx_bot,bystander_no_sink,"Bystander, no vascular sink",0.6716170907020569,0.5590704083442688,0.9950652122497559,0.8998610377311707,138.89166259765625,64.51084899902344,152.5291748046875,3696.889892578125,1580.8970947265625,0.9715171125187987,170.544
seed11_hist0p5,11,0.5,6000,12000,PROJECT_ROOT/runs/phase35_subset_repeat_uncertainty/repeat_runs/seed11_hist0p5,case03,Base-of-tongue / oropharynx bilobed central mass,oropharynx_bot,bystander_with_sink,"Bystander, anatomical vascular sink",0.67042076587677,0.5588023066520691,0.96363765001297,0.8781036138534546,86.18763732910156,53.5994987487793,138.34019470214844,2478.7958984375,1369.2305908203125,0.9715171125187987,170.544
seed11_hist0p5,11,0.5,6000,12000,PROJECT_ROOT/runs/phase35_subset_repeat_uncertainty/repeat_runs/seed11_hist0p5,case04,Laryngo-hypopharyngeal elongated cylinder,laryngohypopharynx,physical_only,Physical-only,0.9007563591003418,0.2822069823741913,0.9007563591003418,0.2822069823741913,0.0,0.0,0.0,0.0,0.0,0.7706422018348624,16.8
seed11_hist0p5,11,0.5,6000,12000,PROJECT_ROOT/runs/phase35_subset_repeat_uncertainty/repeat_runs/seed11_hist0p5,case04,Laryngo-hypopharyngeal elongated cylinder,laryngohypopharynx,bystander_no_sink,"Bystander, no vascular sink",0.9194670915603638,0.49574488401412964,0.997032880783081,0.8933004140853882,116.95738220214844,66.0831069946289,92.59733581542969,3116.60693359375,1675.27001953125,0.7706422018348624,16.8
seed11_hist0p5,11,0.5,6000,12000,PROJECT_ROOT/runs/phase35_subset_repeat_uncertainty/repeat_runs/seed11_hist0p5,case04,Laryngo-hypopharyngeal elongated cylinder,laryngohypopharynx,bystander_with_sink,"Bystander, anatomical vascular sink",0.9196301102638245,0.4938455820083618,0.9969049692153931,0.817879319190979,113.2920150756836,44.87931442260742,79.99240112304688,3070.138427734375,1217.90283203125,0.7706422018348624,16.8
seed11_hist0p5,11,0.5,6000,12000,PROJECT_ROOT/runs/phase35_subset_repeat_uncertainty/repeat_runs/seed11_hist0p5,case05,Parapharyngeal / prestyloid deep-space bulky mass,parapharyngeal_deep_space,physical_only,Physical-only,0.6204410195350647,0.3662549555301666,0.6204410195350647,0.3662549555301666,0.0,0.0,0.0,0.0,0.0,0.9706131277035922,165.144
seed11_hist0p5,11,0.5,6000,12000,PROJECT_ROOT/runs/phase35_subset_repeat_uncertainty/repeat_runs/seed11_hist0p5,case05,Parapharyngeal / prestyloid deep-space bulky mass,parapharyngeal_deep_space,bystander_no_sink,"Bystander, no vascular sink",0.679617166519165,0.550396203994751,0.9896867871284485,0.8991333246231079,127.18373107910156,62.72903823852539,149.19015502929688,3338.69775390625,1544.865478515625,0.9706131277035922,165.144
seed11_hist0p5,11,0.5,6000,12000,PROJECT_ROOT/runs/phase35_subset_repeat_uncertainty/repeat_runs/seed11_hist0p5,case05,Parapharyngeal / prestyloid deep-space bulky mass,parapharyngeal_deep_space,bystander_with_sink,"Bystander, anatomical vascular sink",0.6773252487182617,0.5500379204750061,0.9427188038825989,0.8800370097160339,83.9757080078125,54.28089904785156,136.82711791992188,2374.79833984375,1383.80126953125,0.9706131277035922,165.144
seed11_hist0p5,11,0.5,6000,12000,PROJECT_ROOT/runs/phase35_subset_repeat_uncertainty/repeat_runs/seed11_hist0p5,case06,Buccal mucosa / cheek infiltrative crescent,cheek_superficial,physical_only,Physical-only,0.6520684361457825,0.4337001144886017,0.6520684361457825,0.4337001144886017,0.0,0.0,0.0,0.0,0.0,0.9721715125339507,174.672
seed11_hist0p5,11,0.5,6000,12000,PROJECT_ROOT/runs/phase35_subset_repeat_uncertainty/repeat_runs/seed11_hist0p5,case06,Buccal mucosa / cheek infiltrative crescent,cheek_superficial,bystander_no_sink,"Bystander, no vascular sink",0.7213277220726013,0.583656370639801,0.9857857823371887,0.9234921336174011,106.50144958496094,71.10084533691406,133.66793823242188,2760.45751953125,1792.7933349609375,0.9721715125339507,174.672
seed11_hist0p5,11,0.5,6000,12000,PROJECT_ROOT/runs/phase35_subset_repeat_uncertainty/repeat_runs/seed11_hist0p5,case06,Buccal mucosa / cheek infiltrative crescent,cheek_superficial,bystander_with_sink,"Bystander, anatomical vascular sink",0.7213903069496155,0.5830885767936707,0.9857857823371887,0.9130151867866516,106.50125885009766,68.44664001464844,128.94444274902344,2760.45654296875,1740.0640869140625,0.9721715125339507,174.672
seed11_hist0p5,11,0.5,6000,12000,PROJECT_ROOT/runs/phase35_subset_repeat_uncertainty/repeat_runs/seed11_hist0p5,case07,Oral tongue / floor-of-mouth horseshoe,oral_tongue_floor_mouth,physical_only,Physical-only,0.7770493030548096,0.5301386117935181,0.7770493030548096,0.5301386117935181,0.0,0.0,0.0,0.0,0.0,0.9883271389350615,423.344
seed11_hist0p5,11,0.5,6000,12000,PROJECT_ROOT/runs/phase35_subset_repeat_uncertainty/repeat_runs/seed11_hist0p5,case07,Oral tongue / floor-of-mouth horseshoe,oral_tongue_floor_mouth,bystander_no_sink,"Bystander, no vascular sink",0.799624502658844,0.6723077893257141,0.9970279932022095,0.9232844114303589,136.467041015625,65.52239227294922,169.35797119140625,3646.16552734375,1616.5489501953125,0.9883271389350615,423.344
seed11_hist0p5,11,0.5,6000,12000,PROJECT_ROOT/runs/phase35_subset_repeat_uncertainty/repeat_runs/seed11_hist0p5,case07,Oral tongue / floor-of-mouth horseshoe,oral_tongue_floor_mouth,bystander_with_sink,"Bystander, anatomical vascular sink",0.7996478080749512,0.6718646287918091,0.9970219731330872,0.9145715236663818,136.25872802734375,61.83097457885742,161.99420166015625,3644.191162109375,1545.782958984375,0.9883271389350615,423.344
seed11_hist1p0,11,1.0,12000,24000,PROJECT_ROOT/runs/phase35_subset_repeat_uncertainty/repeat_runs/seed11_hist1p0,case02,Left maxillary sinus crescent abutting orbit,sinonasal_midface,physical_only,Physical-only,0.6403565406799316,0.3062897324562073,0.6403565406799316,0.3062897324562073,0.0,0.0,0.0,0.0,0.0,0.9490917976704407,93.21600000000001
seed11_hist1p0,11,1.0,12000,24000,PROJECT_ROOT/runs/phase35_subset_repeat_uncertainty/repeat_runs/seed11_hist1p0,case02,Left maxillary sinus crescent abutting orbit,sinonasal_midface,bystander_no_sink,"Bystander, no vascular sink",0.6763774156570435,0.5176176428794861,0.9953684210777283,0.8768884539604187,141.0830841064453,56.78542709350586,120.9176025390625,3739.012939453125,1395.493408203125,0.9490917976704407,93.21600000000001
seed11_hist1p0,11,1.0,12000,24000,PROJECT_ROOT/runs/phase35_subset_repeat_uncertainty/repeat_runs/seed11_hist1p0,case02,Left maxillary sinus crescent abutting orbit,sinonasal_midface,bystander_with_sink,"Bystander, anatomical vascular sink",0.6763810515403748,0.5170798301696777,0.995353639125824,0.8683449029922485,140.7427215576172,54.839447021484375,116.782470703125,3735.515625,1357.773681640625,0.9490917976704407,93.21600000000001
seed11_hist1p0,11,1.0,12000,24000,PROJECT_ROOT/runs/phase35_subset_repeat_uncertainty/repeat_runs/seed11_hist1p0,case03,Base-of-tongue / oropharynx bilobed central mass,oropharynx_bot,physical_only,Physical-only,0.6332762241363525,0.34045112133026123,0.6332762241363525,0.34045112133026123,0.0,0.0,0.0,0.0,0.0,0.9641299357208448,134.392
seed11_hist1p0,11,1.0,12000,24000,PROJECT_ROOT/runs/phase35_subset_repeat_uncertainty/repeat_runs/seed11_hist1p0,case03,Base-of-tongue / oropharynx bilobed central mass,oropharynx_bot,bystander_no_sink,"Bystander, no vascular sink",0.6701980829238892,0.5353038907051086,0.9950802326202393,0.8925617933273315,139.23568725585938,64.02344512939453,152.929931640625,3705.403564453125,1568.573486328125,0.9641299357208448,134.392
seed11_hist1p0,11,1.0,12000,24000,PROJECT_ROOT/runs/phase35_subset_repeat_uncertainty/repeat_runs/seed11_hist1p0,case03,Base-of-tongue / oropharynx bilobed central mass,oropharynx_bot,bystander_with_sink,"Bystander, anatomical vascular sink",0.668886661529541,0.5349507331848145,0.9603166580200195,0.8678064942359924,86.70281219482422,53.209712982177734,138.88145446777344,2490.9658203125,1359.191162109375,0.9641299357208448,134.392
seed11_hist1p0,11,1.0,12000,24000,PROJECT_ROOT/runs/phase35_subset_repeat_uncertainty/repeat_runs/seed11_hist1p0,case04,Laryngo-hypopharyngeal elongated cylinder,laryngohypopharynx,physical_only,Physical-only,0.655836820602417,0.23804713785648346,0.655836820602417,0.23804713785648346,0.0,0.0,0.0,0.0,0.0,0.529012810851545,5.6160000000000005
seed11_hist1p0,11,1.0,12000,24000,PROJECT_ROOT/runs/phase35_subset_repeat_uncertainty/repeat_runs/seed11_hist1p0,case04,Laryngo-hypopharyngeal elongated cylinder,laryngohypopharynx,bystander_no_sink,"Bystander, no vascular sink",0.7214920520782471,0.4611433744430542,0.9892928600311279,0.8824912905693054,114.14837646484375,63.69654846191406,92.29475402832031,3052.908935546875,1613.9156494140625,0.529012810851545,5.6160000000000005
seed11_hist1p0,11,1.0,12000,24000,PROJECT_ROOT/runs/phase35_subset_repeat_uncertainty/repeat_runs/seed11_hist1p0,case04,Laryngo-hypopharyngeal elongated cylinder,laryngohypopharynx,bystander_with_sink,"Bystander, anatomical vascular sink",0.72202467918396,0.45899277925491333,0.9888702630996704,0.8015865087509155,110.63508605957031,43.24482727050781,80.04922485351562,3008.37890625,1172.9775390625,0.529012810851545,5.6160000000000005
seed11_hist1p0,11,1.0,12000,24000,PROJECT_ROOT/runs/phase35_subset_repeat_uncertainty/repeat_runs/seed11_hist1p0,case05,Parapharyngeal / prestyloid deep-space bulky mass,parapharyngeal_deep_space,physical_only,Physical-only,0.6265925765037537,0.32096266746520996,0.6265925765037537,0.32096266746520996,0.0,0.0,0.0,0.0,0.0,0.9575378762144168,112.752
seed11_hist1p0,11,1.0,12000,24000,PROJECT_ROOT/runs/phase35_subset_repeat_uncertainty/repeat_runs/seed11_hist1p0,case05,Parapharyngeal / prestyloid deep-space bulky mass,parapharyngeal_deep_space,bystander_no_sink,"Bystander, no vascular sink",0.6807403564453125,0.5207720398902893,0.9911385178565979,0.8895567655563354,127.90819549560547,62.408164978027344,148.5892333984375,3354.679931640625,1537.20751953125,0.9575378762144168,112.752
seed11_hist1p0,11,1.0,12000,24000,PROJECT_ROOT/runs/phase35_subset_repeat_uncertainty/repeat_runs/seed11_hist1p0,case05,Parapharyngeal / prestyloid deep-space bulky mass,parapharyngeal_deep_space,bystander_with_sink,"Bystander, anatomical vascular sink",0.6790523529052734,0.5205060243606567,0.9548531770706177,0.8700580596923828,84.09831237792969,53.919593811035156,135.9783172607422,2378.517822265625,1375.628662109375,0.9575378762144168,112.752
seed11_hist1p0,11,1.0,12000,24000,PROJECT_ROOT/runs/phase35_subset_repeat_uncertainty/repeat_runs/seed11_hist1p0,case06,Buccal mucosa / cheek infiltrative crescent,cheek_superficial,physical_only,Physical-only,0.6193735599517822,0.2922663390636444,0.6193735599517822,0.2922663390636444,0.0,0.0,0.0,0.0,0.0,0.8967283542630535,43.416000000000004
seed11_hist1p0,11,1.0,12000,24000,PROJECT_ROOT/runs/phase35_subset_repeat_uncertainty/repeat_runs/seed11_hist1p0,case06,Buccal mucosa / cheek infiltrative crescent,cheek_superficial,bystander_no_sink,"Bystander, no vascular sink",0.6987230181694031,0.4837864339351654,0.9840160012245178,0.9000974297523499,105.3730239868164,68.00566101074219,124.84391784667969,2744.594970703125,1713.736328125,0.8967283542630535,43.416000000000004
seed11_hist1p0,11,1.0,12000,24000,PROJECT_ROOT/runs/phase35_subset_repeat_uncertainty/repeat_runs/seed11_hist1p0,case06,Buccal mucosa / cheek infiltrative crescent,cheek_superficial,bystander_with_sink,"Bystander, anatomical vascular sink",0.6988055109977722,0.48321470618247986,0.9840160012245178,0.8888726830482483,105.3728256225586,65.32313537597656,120.38539123535156,2744.59423828125,1660.4112548828125,0.8967283542630535,43.416000000000004
seed11_hist1p0,11,1.0,12000,24000,PROJECT_ROOT/runs/phase35_subset_repeat_uncertainty/repeat_runs/seed11_hist1p0,case07,Oral tongue / floor-of-mouth horseshoe,oral_tongue_floor_mouth,physical_only,Physical-only,0.6377972960472107,0.36840417981147766,0.6377972960472107,0.36840417981147766,0.0,0.0,0.0,0.0,0.0,0.9730870257933945,180.784
seed11_hist1p0,11,1.0,12000,24000,PROJECT_ROOT/runs/phase35_subset_repeat_uncertainty/repeat_runs/seed11_hist1p0,case07,Oral tongue / floor-of-mouth horseshoe,oral_tongue_floor_mouth,bystander_no_sink,"Bystander, no vascular sink",0.6746152639389038,0.5566345453262329,0.994918704032898,0.8987135291099548,134.49978637695312,63.64264678955078,157.79112243652344,3602.30126953125,1570.305908203125,0.9730870257933945,180.784
seed11_hist1p0,11,1.0,12000,24000,PROJECT_ROOT/runs/phase35_subset_repeat_uncertainty/repeat_runs/seed11_hist1p0,case07,Oral tongue / floor-of-mouth horseshoe,oral_tongue_floor_mouth,bystander_with_sink,"Bystander, anatomical vascular sink",0.6746403574943542,0.5558063983917236,0.9949071407318115,0.8848017454147339,134.30142211914062,60.206787109375,151.07728576660156,3600.414306640625,1504.4180908203125,0.9730870257933945,180.784
seed11_hist2p0,11,2.0,24000,48000,PROJECT_ROOT/runs/phase35_subset_repeat_uncertainty/repeat_runs/seed11_hist2p0,case02,Left maxillary sinus crescent abutting orbit,sinonasal_midface,physical_only,Physical-only,0.6307016015052795,0.273817777633667,0.6307016015052795,0.273817777633667,0.0,0.0,0.0,0.0,0.0,0.9384539635647464,76.24
seed11_hist2p0,11,2.0,24000,48000,PROJECT_ROOT/runs/phase35_subset_repeat_uncertainty/repeat_runs/seed11_hist2p0,case02,Left maxillary sinus crescent abutting orbit,sinonasal_midface,bystander_no_sink,"Bystander, no vascular sink",0.6675838828086853,0.49409833550453186,0.9953525066375732,0.8664519786834717,140.6656951904297,55.704811096191406,117.04789733886719,3731.56591796875,1369.1064453125,0.9384539635647464,76.24
seed11_hist2p0,11,2.0,24000,48000,PROJECT_ROOT/runs/phase35_subset_repeat_uncertainty/repeat_runs/seed11_hist2p0,case02,Left maxillary sinus crescent abutting orbit,sinonasal_midface,bystander_with_sink,"Bystander, anatomical vascular sink",0.6675858497619629,0.49353688955307007,0.9953371286392212,0.8572752475738525,140.35244750976562,53.900787353515625,113.0236587524414,3728.353515625,1334.275634765625,0.9384539635647464,76.24
seed11_hist2p0,11,2.0,24000,48000,PROJECT_ROOT/runs/phase35_subset_repeat_uncertainty/repeat_runs/seed11_hist2p0,case03,Base-of-tongue / oropharynx bilobed central mass,oropharynx_bot,physical_only,Physical-only,0.6204929947853088,0.2946111559867859,0.6204929947853088,0.2946111559867859,0.0,0.0,0.0,0.0,0.0,0.9511833164102164,97.424
seed11_hist2p0,11,2.0,24000,48000,PROJECT_ROOT/runs/phase35_subset_repeat_uncertainty/repeat_runs/seed11_hist2p0,case03,Base-of-tongue / oropharynx bilobed central mass,oropharynx_bot,bystander_no_sink,"Bystander, no vascular sink",0.6588006019592285,0.5000484585762024,0.9948550462722778,0.881796658039093,138.3877716064453,62.73354721069336,146.85711669921875,3688.294189453125,1537.1898193359375,0.9511833164102164,97.424
seed11_hist2p0,11,2.0,24000,48000,PROJECT_ROOT/runs/phase35_subset_repeat_uncertainty/repeat_runs/seed11_hist2p0,case03,Base-of-tongue / oropharynx bilobed central mass,oropharynx_bot,bystander_with_sink,"Bystander, anatomical vascular sink",0.6574993133544922,0.5001322627067566,0.9579727649688721,0.8559607863426208,86.07050323486328,51.954246520996094,132.88674926757812,2477.6904296875,1328.10888671875,0.9511833164102164,97.424
seed11_hist2p0,11,2.0,24000,48000,PROJECT_ROOT/runs/phase35_subset_repeat_uncertainty/repeat_runs/seed11_hist2p0,case04,Laryngo-hypopharyngeal elongated cylinder,laryngohypopharynx,physical_only,Physical-only,0.6006946563720703,0.24869830906391144,0.6006946563720703,0.24869830906391144,0.0,0.0,0.0,0.0,0.0,0.8289545703338806,24.232
seed11_hist2p0,11,2.0,24000,48000,PROJECT_ROOT/runs/phase35_subset_repeat_uncertainty/repeat_runs/seed11_hist2p0,case04,Laryngo-hypopharyngeal elongated cylinder,laryngohypopharynx,bystander_no_sink,"Bystander, no vascular sink",0.6758588552474976,0.46263387799263,0.9874516725540161,0.8808754682540894,115.10853576660156,64.40489196777344,94.62286376953125,3068.682373046875,1631.2789306640625,0.8289545703338806,24.232
seed11_hist2p0,11,2.0,24000,48000,PROJECT_ROOT/runs/phase35_subset_repeat_uncertainty/repeat_runs/seed11_hist2p0,case04,Laryngo-hypopharyngeal elongated cylinder,laryngohypopharynx,bystander_with_sink,"Bystander, anatomical vascular sink",0.6762546300888062,0.4598369002342224,0.986971378326416,0.7963225245475769,111.60862731933594,44.36818313598633,82.61048126220703,3024.2890625,1200.6961669921875,0.8289545703338806,24.232
seed11_hist2p0,11,2.0,24000,48000,PROJECT_ROOT/runs/phase35_subset_repeat_uncertainty/repeat_runs/seed11_hist2p0,case05,Parapharyngeal / prestyloid deep-space bulky mass,parapharyngeal_deep_space,physical_only,Physical-only,0.6316603422164917,0.2655715048313141,0.6316603422164917,0.2655715048313141,0.0,0.0,0.0,0.0,0.0,0.9393086036123519,77.384
seed11_hist2p0,11,2.0,24000,48000,PROJECT_ROOT/runs/phase35_subset_repeat_uncertainty/repeat_runs/seed11_hist2p0,case05,Parapharyngeal / prestyloid deep-space bulky mass,parapharyngeal_deep_space,bystander_no_sink,"Bystander, no vascular sink",0.6840794086456299,0.4776330888271332,0.9914228320121765,0.8727264404296875,126.82147216796875,60.44436264038086,141.2549591064453,3332.579833984375,1488.19873046875,0.9393086036123519,77.384
seed11_hist2p0,11,2.0,24000,48000,PROJECT_ROOT/runs/phase35_subset_repeat_uncertainty/repeat_runs/seed11_hist2p0,case05,Parapharyngeal / prestyloid deep-space bulky mass,parapharyngeal_deep_space,bystander_with_sink,"Bystander, anatomical vascular sink",0.682803750038147,0.47790980339050293,0.9606082439422607,0.8506181836128235,83.06206512451172,52.29021453857422,129.0828094482422,2356.059326171875,1333.77978515625,0.9393086036123519,77.384
seed11_hist2p0,11,2.0,24000,48000,PROJECT_ROOT/runs/phase35_subset_repeat_uncertainty/repeat_runs/seed11_hist2p0,case06,Buccal mucosa / cheek infiltrative crescent,cheek_superficial,physical_only,Physical-only,0.6165346503257751,0.2379225790500641,0.6165346503257751,0.2379225790500641,0.0,0.0,0.0,0.0,0.0,0.8183667538506249,22.528
seed11_hist2p0,11,2.0,24000,48000,PROJECT_ROOT/runs/phase35_subset_repeat_uncertainty/repeat_runs/seed11_hist2p0,case06,Buccal mucosa / cheek infiltrative crescent,cheek_superficial,bystander_no_sink,"Bystander, no vascular sink",0.698756217956543,0.4435040056705475,0.983859658241272,0.8870428800582886,103.89752197265625,64.54594421386719,120.45613098144531,2719.393310546875,1626.7423095703125,0.8183667538506249,22.528
seed11_hist2p0,11,2.0,24000,48000,PROJECT_ROOT/runs/phase35_subset_repeat_uncertainty/repeat_runs/seed11_hist2p0,case06,Buccal mucosa / cheek infiltrative crescent,cheek_superficial,bystander_with_sink,"Bystander, anatomical vascular sink",0.6988080739974976,0.44279083609580994,0.983859658241272,0.8742563724517822,103.89735412597656,62.0814323425293,116.2184066772461,2719.392333984375,1578.0205078125,0.8183667538506249,22.528
seed11_hist2p0,11,2.0,24000,48000,PROJECT_ROOT/runs/phase35_subset_repeat_uncertainty/repeat_runs/seed11_hist2p0,case07,Oral tongue / floor-of-mouth horseshoe,oral_tongue_floor_mouth,physical_only,Physical-only,0.6125720739364624,0.2934625446796417,0.6125720739364624,0.2934625446796417,0.0,0.0,0.0,0.0,0.0,0.9411930748964998,80.024
seed11_hist2p0,11,2.0,24000,48000,PROJECT_ROOT/runs/phase35_subset_repeat_uncertainty/repeat_runs/seed11_hist2p0,case07,Oral tongue / floor-of-mouth horseshoe,oral_tongue_floor_mouth,bystander_no_sink,"Bystander, no vascular sink",0.6532553434371948,0.5002540349960327,0.9942392110824585,0.8804786801338196,132.68502807617188,61.31320571899414,145.21734619140625,3566.427490234375,1512.5966796875,0.9411930748964998,80.024
seed11_hist2p0,11,2.0,24000,48000,PROJECT_ROOT/runs/phase35_subset_repeat_uncertainty/repeat_runs/seed11_hist2p0,case07,Oral tongue / floor-of-mouth horseshoe,oral_tongue_floor_mouth,bystander_with_sink,"Bystander, anatomical vascular sink",0.6532854437828064,0.49935677647590637,0.9942265152931213,0.8645859956741333,132.50311279296875,58.1430778503418,139.22796630859375,3564.700927734375,1452.121337890625,0.9411930748964998,80.024
seed22_hist0p5,22,0.5,6000,12000,PROJECT_ROOT/runs/phase35_subset_repeat_uncertainty/repeat_runs/seed22_hist0p5,case02,Left maxillary sinus crescent abutting orbit,sinonasal_midface,physical_only,Physical-only,0.6379565596580505,0.3782513737678528,0.6379565596580505,0.3782513737678528,0.0,0.0,0.0,0.0,0.0,0.9632201494733126,130.94400000000002
seed22_hist0p5,22,0.5,6000,12000,PROJECT_ROOT/runs/phase35_subset_repeat_uncertainty/repeat_runs/seed22_hist0p5,case02,Left maxillary sinus crescent abutting orbit,sinonasal_midface,bystander_no_sink,"Bystander, no vascular sink",0.6727206707000732,0.5697596073150635,0.9956590533256531,0.8929949402809143,141.94932556152344,58.7843017578125,122.30338287353516,3753.82958984375,1446.9200439453125,0.9632201494733126,130.94400000000002
seed22_hist0p5,22,0.5,6000,12000,PROJECT_ROOT/runs/phase35_subset_repeat_uncertainty/repeat_runs/seed22_hist0p5,case02,Left maxillary sinus crescent abutting orbit,sinonasal_midface,bystander_with_sink,"Bystander, anatomical vascular sink",0.6727275252342224,0.56928950548172,0.9956427812576294,0.8854438066482544,141.58497619628906,56.7626838684082,118.05754852294922,3750.060546875,1407.4122314453125,0.9632201494733126,130.94400000000002
seed22_hist0p5,22,0.5,6000,12000,PROJECT_ROOT/runs/phase35_subset_repeat_uncertainty/repeat_runs/seed22_hist0p5,case03,Base-of-tongue / oropharynx bilobed central mass,oropharynx_bot,physical_only,Physical-only,0.6278517842292786,0.4274738132953644,0.6278517842292786,0.4274738132953644,0.0,0.0,0.0,0.0,0.0,0.9818123617739495,269.912
seed22_hist0p5,22,0.5,6000,12000,PROJECT_ROOT/runs/phase35_subset_repeat_uncertainty/repeat_runs/seed22_hist0p5,case03,Base-of-tongue / oropharynx bilobed central mass,oropharynx_bot,bystander_no_sink,"Bystander, no vascular sink",0.6642806529998779,0.5942504405975342,0.9946265816688538,0.9139550924301147,138.5090789794922,64.92922973632812,160.03016662597656,3682.498779296875,1592.544189453125,0.9818123617739495,269.912
seed22_hist0p5,22,0.5,6000,12000,PROJECT_ROOT/runs/phase35_subset_repeat_uncertainty/repeat_runs/seed22_hist0p5,case03,Base-of-tongue / oropharynx bilobed central mass,oropharynx_bot,bystander_with_sink,"Bystander, anatomical vascular sink",0.6625388264656067,0.5930672883987427,0.9494036436080933,0.886871874332428,86.68746185302734,54.41373062133789,146.35739135742188,2487.34423828125,1389.780029296875,0.9818123617739495,269.912
seed22_hist0p5,22,0.5,6000,12000,PROJECT_ROOT/runs/phase35_subset_repeat_uncertainty/repeat_runs/seed22_hist0p5,case04,Laryngo-hypopharyngeal elongated cylinder,laryngohypopharynx,physical_only,Physical-only,0.6191864609718323,0.3398754596710205,0.6191864609718323,0.3398754596710205,0.0,0.0,0.0,0.0,0.0,0.9452474813841437,86.32000000000001
seed22_hist0p5,22,0.5,6000,12000,PROJECT_ROOT/runs/phase35_subset_repeat_uncertainty/repeat_runs/seed22_hist0p5,case04,Laryngo-hypopharyngeal elongated cylinder,laryngohypopharynx,bystander_no_sink,"Bystander, no vascular sink",0.6935179233551025,0.5247185230255127,0.985990047454834,0.9017466306686401,115.64256286621094,67.21305084228516,99.52450561523438,3078.999267578125,1703.72216796875,0.9452474813841437,86.32000000000001
seed22_hist0p5,22,0.5,6000,12000,PROJECT_ROOT/runs/phase35_subset_repeat_uncertainty/repeat_runs/seed22_hist0p5,case04,Laryngo-hypopharyngeal elongated cylinder,laryngohypopharynx,bystander_with_sink,"Bystander, anatomical vascular sink",0.6937336921691895,0.5218235850334167,0.9854886531829834,0.827098548412323,111.95513916015625,46.08723449707031,86.80831146240234,3032.14404296875,1249.0953369140625,0.9452474813841437,86.32000000000001
seed22_hist0p5,22,0.5,6000,12000,PROJECT_ROOT/runs/phase35_subset_repeat_uncertainty/repeat_runs/seed22_hist0p5,case05,Parapharyngeal / prestyloid deep-space bulky mass,parapharyngeal_deep_space,physical_only,Physical-only,0.6256982088088989,0.4209890365600586,0.6256982088088989,0.4209890365600586,0.0,0.0,0.0,0.0,0.0,0.9813293502613891,262.8
seed22_hist0p5,22,0.5,6000,12000,PROJECT_ROOT/runs/phase35_subset_repeat_uncertainty/repeat_runs/seed22_hist0p5,case05,Parapharyngeal / prestyloid deep-space bulky mass,parapharyngeal_deep_space,bystander_no_sink,"Bystander, no vascular sink",0.6783689260482788,0.5909922122955322,0.9912636280059814,0.907459557056427,127.3261947631836,63.69637680053711,156.352783203125,3334.913330078125,1568.9591064453125,0.9813293502613891,262.8
seed22_hist0p5,22,0.5,6000,12000,PROJECT_ROOT/runs/phase35_subset_repeat_uncertainty/repeat_runs/seed22_hist0p5,case05,Parapharyngeal / prestyloid deep-space bulky mass,parapharyngeal_deep_space,bystander_with_sink,"Bystander, anatomical vascular sink",0.6767146587371826,0.5902549028396606,0.9590756893157959,0.8881136178970337,83.24961853027344,55.46786880493164,143.62440490722656,2353.93798828125,1414.5,0.9813293502613891,262.8
seed22_hist0p5,22,0.5,6000,12000,PROJECT_ROOT/runs/phase35_subset_repeat_uncertainty/repeat_runs/seed22_hist0p5,case06,Buccal mucosa / cheek infiltrative crescent,cheek_superficial,physical_only,Physical-only,0.6382890939712524,0.369637131690979,0.6382890939712524,0.369637131690979,0.0,0.0,0.0,0.0,0.0,0.9567982304555195,110.736
seed22_hist0p5,22,0.5,6000,12000,PROJECT_ROOT/runs/phase35_subset_repeat_uncertainty/repeat_runs/seed22_hist0p5,case06,Buccal mucosa / cheek infiltrative crescent,cheek_superficial,bystander_no_sink,"Bystander, no vascular sink",0.7099145650863647,0.5405561327934265,0.9862043857574463,0.9130988717079163,106.94198608398438,69.8718490600586,125.44168090820312,2779.414306640625,1764.8656005859375,0.9567982304555195,110.736
seed22_hist0p5,22,0.5,6000,12000,PROJECT_ROOT/runs/phase35_subset_repeat_uncertainty/repeat_runs/seed22_hist0p5,case06,Buccal mucosa / cheek infiltrative crescent,cheek_superficial,bystander_with_sink,"Bystander, anatomical vascular sink",0.7099369764328003,0.539914071559906,0.9862043857574463,0.9028953909873962,106.94180297851562,67.08641052246094,121.02954864501953,2779.413818359375,1709.002685546875,0.9567982304555195,110.736
seed22_hist0p5,22,0.5,6000,12000,PROJECT_ROOT/runs/phase35_subset_repeat_uncertainty/repeat_runs/seed22_hist0p5,case07,Oral tongue / floor-of-mouth horseshoe,oral_tongue_floor_mouth,physical_only,Physical-only,0.6340337991714478,0.3935500979423523,0.6340337991714478,0.3935500979423523,0.0,0.0,0.0,0.0,0.0,0.9705313781885049,164.672
seed22_hist0p5,22,0.5,6000,12000,PROJECT_ROOT/runs/phase35_subset_repeat_uncertainty/repeat_runs/seed22_hist0p5,case07,Oral tongue / floor-of-mouth horseshoe,oral_tongue_floor_mouth,bystander_no_sink,"Bystander, no vascular sink",0.6713292002677917,0.5718265175819397,0.9946857690811157,0.9014402627944946,133.48468017578125,63.071834564208984,144.1145477294922,3580.662109375,1559.2642822265625,0.9705313781885049,164.672
seed22_hist0p5,22,0.5,6000,12000,PROJECT_ROOT/runs/phase35_subset_repeat_uncertainty/repeat_runs/seed22_hist0p5,case07,Oral tongue / floor-of-mouth horseshoe,oral_tongue_floor_mouth,bystander_with_sink,"Bystander, anatomical vascular sink",0.6713371276855469,0.5709651112556458,0.994671106338501,0.8880322575569153,133.28335571289062,59.660621643066406,137.8349151611328,3578.740234375,1493.75390625,0.9705313781885049,164.672
seed22_hist1p0,22,1.0,12000,24000,PROJECT_ROOT/runs/phase35_subset_repeat_uncertainty/repeat_runs/seed22_hist1p0,case02,Left maxillary sinus crescent abutting orbit,sinonasal_midface,physical_only,Physical-only,0.6100016832351685,0.33043891191482544,0.6100016832351685,0.33043891191482544,0.0,0.0,0.0,0.0,0.0,0.9506163084702908,96.248
seed22_hist1p0,22,1.0,12000,24000,PROJECT_ROOT/runs/phase35_subset_repeat_uncertainty/repeat_runs/seed22_hist1p0,case02,Left maxillary sinus crescent abutting orbit,sinonasal_midface,bystander_no_sink,"Bystander, no vascular sink",0.6479416489601135,0.5363188982009888,0.9950495362281799,0.8823904395103455,140.84555053710938,57.93594741821289,122.1548080444336,3729.170166015625,1425.213134765625,0.9506163084702908,96.248
seed22_hist1p0,22,1.0,12000,24000,PROJECT_ROOT/runs/phase35_subset_repeat_uncertainty/repeat_runs/seed22_hist1p0,case02,Left maxillary sinus crescent abutting orbit,sinonasal_midface,bystander_with_sink,"Bystander, anatomical vascular sink",0.6479468941688538,0.5358065962791443,0.9950326681137085,0.8743202686309814,140.49508666992188,55.967777252197266,117.69419860839844,3725.55419921875,1386.8768310546875,0.9506163084702908,96.248
seed22_hist1p0,22,1.0,12000,24000,PROJECT_ROOT/runs/phase35_subset_repeat_uncertainty/repeat_runs/seed22_hist1p0,case03,Base-of-tongue / oropharynx bilobed central mass,oropharynx_bot,physical_only,Physical-only,0.6377876996994019,0.35782068967819214,0.6377876996994019,0.35782068967819214,0.0,0.0,0.0,0.0,0.0,0.9701057062227962,162.256
seed22_hist1p0,22,1.0,12000,24000,PROJECT_ROOT/runs/phase35_subset_repeat_uncertainty/repeat_runs/seed22_hist1p0,case03,Base-of-tongue / oropharynx bilobed central mass,oropharynx_bot,bystander_no_sink,"Bystander, no vascular sink",0.6739829182624817,0.5476236343383789,0.9951417446136475,0.9003690481185913,139.25035095214844,64.52997589111328,157.0916290283203,3705.459228515625,1581.5738525390625,0.9701057062227962,162.256
seed22_hist1p0,22,1.0,12000,24000,PROJECT_ROOT/runs/phase35_subset_repeat_uncertainty/repeat_runs/seed22_hist1p0,case03,Base-of-tongue / oropharynx bilobed central mass,oropharynx_bot,bystander_with_sink,"Bystander, anatomical vascular sink",0.6725003719329834,0.5468422174453735,0.957360029220581,0.8748239874839783,86.78250885009766,53.719242095947266,143.0226287841797,2493.00390625,1372.4146728515625,0.9701057062227962,162.256
seed22_hist1p0,22,1.0,12000,24000,PROJECT_ROOT/runs/phase35_subset_repeat_uncertainty/repeat_runs/seed22_hist1p0,case04,Laryngo-hypopharyngeal elongated cylinder,laryngohypopharynx,physical_only,Physical-only,0.6165120005607605,0.3209431767463684,0.6165120005607605,0.3209431767463684,0.0,0.0,0.0,0.0,0.0,0.9331264712176333,69.768
seed22_hist1p0,22,1.0,12000,24000,PROJECT_ROOT/runs/phase35_subset_repeat_uncertainty/repeat_runs/seed22_hist1p0,case04,Laryngo-hypopharyngeal elongated cylinder,laryngohypopharynx,bystander_no_sink,"Bystander, no vascular sink",0.6923316717147827,0.512464702129364,0.9861164093017578,0.8938576579093933,116.53114318847656,66.88420104980469,98.14420318603516,3097.895263671875,1695.301513671875,0.9331264712176333,69.768
seed22_hist1p0,22,1.0,12000,24000,PROJECT_ROOT/runs/phase35_subset_repeat_uncertainty/repeat_runs/seed22_hist1p0,case04,Laryngo-hypopharyngeal elongated cylinder,laryngohypopharynx,bystander_with_sink,"Bystander, anatomical vascular sink",0.6925203800201416,0.5092753767967224,0.9856022596359253,0.8142853379249573,112.73712158203125,45.96430206298828,85.60597229003906,3049.545166015625,1245.2626953125,0.9331264712176333,69.768
seed22_hist1p0,22,1.0,12000,24000,PROJECT_ROOT/runs/phase35_subset_repeat_uncertainty/repeat_runs/seed22_hist1p0,case05,Parapharyngeal / prestyloid deep-space bulky mass,parapharyngeal_deep_space,physical_only,Physical-only,0.6199154257774353,0.3315221071243286,0.6199154257774353,0.3315221071243286,0.0,0.0,0.0,0.0,0.0,0.9643468339988591,135.24
seed22_hist1p0,22,1.0,12000,24000,PROJECT_ROOT/runs/phase35_subset_repeat_uncertainty/repeat_runs/seed22_hist1p0,case05,Parapharyngeal / prestyloid deep-space bulky mass,parapharyngeal_deep_space,bystander_no_sink,"Bystander, no vascular sink",0.6751413941383362,0.5278134942054749,0.990593671798706,0.8885595202445984,127.18092346191406,62.32703399658203,148.54129028320312,3336.228759765625,1534.646728515625,0.9643468339988591,135.24
seed22_hist1p0,22,1.0,12000,24000,PROJECT_ROOT/runs/phase35_subset_repeat_uncertainty/repeat_runs/seed22_hist1p0,case05,Parapharyngeal / prestyloid deep-space bulky mass,parapharyngeal_deep_space,bystander_with_sink,"Bystander, anatomical vascular sink",0.673505961894989,0.5274219512939453,0.9567320346832275,0.8671589493751526,83.24674987792969,54.272613525390625,136.1645050048828,2357.1953125,1383.7130126953125,0.9643468339988591,135.24
seed22_hist1p0,22,1.0,12000,24000,PROJECT_ROOT/runs/phase35_subset_repeat_uncertainty/repeat_runs/seed22_hist1p0,case06,Buccal mucosa / cheek infiltrative crescent,cheek_superficial,physical_only,Physical-only,0.6314826011657715,0.29750531911849976,0.6314826011657715,0.29750531911849976,0.0,0.0,0.0,0.0,0.0,0.9222056260891214,59.272
seed22_hist1p0,22,1.0,12000,24000,PROJECT_ROOT/runs/phase35_subset_repeat_uncertainty/repeat_runs/seed22_hist1p0,case06,Buccal mucosa / cheek infiltrative crescent,cheek_superficial,bystander_no_sink,"Bystander, no vascular sink",0.706020712852478,0.4880485236644745,0.9857394099235535,0.9019812941551208,106.09724426269531,68.06587982177734,123.53746032714844,2761.499755859375,1717.8675537109375,0.9222056260891214,59.272
seed22_hist1p0,22,1.0,12000,24000,PROJECT_ROOT/runs/phase35_subset_repeat_uncertainty/repeat_runs/seed22_hist1p0,case06,Buccal mucosa / cheek infiltrative crescent,cheek_superficial,bystander_with_sink,"Bystander, anatomical vascular sink",0.7060391306877136,0.4873109757900238,0.9857394099235535,0.8903765082359314,106.09706115722656,65.39334106445312,119.06935119628906,2761.499267578125,1664.44140625,0.9222056260891214,59.272
seed22_hist1p0,22,1.0,12000,24000,PROJECT_ROOT/runs/phase35_subset_repeat_uncertainty/repeat_runs/seed22_hist1p0,case07,Oral tongue / floor-of-mouth horseshoe,oral_tongue_floor_mouth,physical_only,Physical-only,0.6297737956047058,0.33105698227882385,0.6297737956047058,0.33105698227882385,0.0,0.0,0.0,0.0,0.0,0.955087668870365,106.328
seed22_hist1p0,22,1.0,12000,24000,PROJECT_ROOT/runs/phase35_subset_repeat_uncertainty/repeat_runs/seed22_hist1p0,case07,Oral tongue / floor-of-mouth horseshoe,oral_tongue_floor_mouth,bystander_no_sink,"Bystander, no vascular sink",0.668458104133606,0.5266255140304565,0.9944852590560913,0.8908361196517944,132.60023498535156,61.94911575317383,143.44403076171875,3566.41796875,1529.7132568359375,0.955087668870365,106.328
seed22_hist1p0,22,1.0,12000,24000,PROJECT_ROOT/runs/phase35_subset_repeat_uncertainty/repeat_runs/seed22_hist1p0,case07,Oral tongue / floor-of-mouth horseshoe,oral_tongue_floor_mouth,bystander_with_sink,"Bystander, anatomical vascular sink",0.668465256690979,0.5256715416908264,0.9944711923599243,0.8760471343994141,132.40823364257812,58.62397766113281,137.22140502929688,3564.59130859375,1466.119873046875,0.955087668870365,106.328
seed22_hist2p0,22,2.0,24000,48000,PROJECT_ROOT/runs/phase35_subset_repeat_uncertainty/repeat_runs/seed22_hist2p0,case02,Left maxillary sinus crescent abutting orbit,sinonasal_midface,physical_only,Physical-only,0.6274016499519348,0.2797577977180481,0.6274016499519348,0.2797577977180481,0.0,0.0,0.0,0.0,0.0,0.9404988575780655,79.032
seed22_hist2p0,22,2.0,24000,48000,PROJECT_ROOT/runs/phase35_subset_repeat_uncertainty/repeat_runs/seed22_hist2p0,case02,Left maxillary sinus crescent abutting orbit,sinonasal_midface,bystander_no_sink,"Bystander, no vascular sink",0.6639292240142822,0.4972235858440399,0.9953563213348389,0.8668700456619263,140.56092834472656,56.22675704956055,118.65656280517578,3727.826904296875,1381.627685546875,0.9404988575780655,79.032
seed22_hist2p0,22,2.0,24000,48000,PROJECT_ROOT/runs/phase35_subset_repeat_uncertainty/repeat_runs/seed22_hist2p0,case02,Left maxillary sinus crescent abutting orbit,sinonasal_midface,bystander_with_sink,"Bystander, anatomical vascular sink",0.6639308929443359,0.4966660141944885,0.9953405261039734,0.85798180103302,140.23434448242188,54.374942779541016,114.49906921386719,3724.464599609375,1345.7305908203125,0.9404988575780655,79.032
seed22_hist2p0,22,2.0,24000,48000,PROJECT_ROOT/runs/phase35_subset_repeat_uncertainty/repeat_runs/seed22_hist2p0,case03,Base-of-tongue / oropharynx bilobed central mass,oropharynx_bot,physical_only,Physical-only,0.6291787624359131,0.3055325746536255,0.6291787624359131,0.3055325746536255,0.0,0.0,0.0,0.0,0.0,0.9570800714187612,111.49600000000001
seed22_hist2p0,22,2.0,24000,48000,PROJECT_ROOT/runs/phase35_subset_repeat_uncertainty/repeat_runs/seed22_hist2p0,case03,Base-of-tongue / oropharynx bilobed central mass,oropharynx_bot,bystander_no_sink,"Bystander, no vascular sink",0.666012704372406,0.5064125657081604,0.9950360059738159,0.8846448659896851,138.47373962402344,62.83457946777344,148.85736083984375,3690.45654296875,1539.6966552734375,0.9570800714187612,111.49600000000001
seed22_hist2p0,22,2.0,24000,48000,PROJECT_ROOT/runs/phase35_subset_repeat_uncertainty/repeat_runs/seed22_hist2p0,case03,Base-of-tongue / oropharynx bilobed central mass,oropharynx_bot,bystander_with_sink,"Bystander, anatomical vascular sink",0.6647859811782837,0.5065074563026428,0.9598785638809204,0.8594598770141602,86.15650939941406,52.0272102355957,134.77239990234375,2479.48193359375,1330.17724609375,0.9570800714187612,111.49600000000001
seed22_hist2p0,22,2.0,24000,48000,PROJECT_ROOT/runs/phase35_subset_repeat_uncertainty/repeat_runs/seed22_hist2p0,case04,Laryngo-hypopharyngeal elongated cylinder,laryngohypopharynx,physical_only,Physical-only,0.6163126826286316,0.3048504590988159,0.6163126826286316,0.3048504590988159,0.0,0.0,0.0,0.0,0.0,0.92599171107164,62.56
seed22_hist2p0,22,2.0,24000,48000,PROJECT_ROOT/runs/phase35_subset_repeat_uncertainty/repeat_runs/seed22_hist2p0,case04,Laryngo-hypopharyngeal elongated cylinder,laryngohypopharynx,bystander_no_sink,"Bystander, no vascular sink",0.6906452178955078,0.5021565556526184,0.9870971441268921,0.8875135779380798,116.47247314453125,66.25917053222656,96.6846694946289,3097.407470703125,1679.56982421875,0.92599171107164,62.56
seed22_hist2p0,22,2.0,24000,48000,PROJECT_ROOT/runs/phase35_subset_repeat_uncertainty/repeat_runs/seed22_hist2p0,case04,Laryngo-hypopharyngeal elongated cylinder,laryngohypopharynx,bystander_with_sink,"Bystander, anatomical vascular sink",0.6907932758331299,0.49876049160957336,0.9866018295288086,0.8049683570861816,112.73834228515625,45.6604118347168,84.38612365722656,3049.8310546875,1236.7606201171875,0.92599171107164,62.56
seed22_hist2p0,22,2.0,24000,48000,PROJECT_ROOT/runs/phase35_subset_repeat_uncertainty/repeat_runs/seed22_hist2p0,case05,Parapharyngeal / prestyloid deep-space bulky mass,parapharyngeal_deep_space,physical_only,Physical-only,0.6195297837257385,0.29242247343063354,0.6195297837257385,0.29242247343063354,0.0,0.0,0.0,0.0,0.0,0.9445085678771198,85.104
seed22_hist2p0,22,2.0,24000,48000,PROJECT_ROOT/runs/phase35_subset_repeat_uncertainty/repeat_runs/seed22_hist2p0,case05,Parapharyngeal / prestyloid deep-space bulky mass,parapharyngeal_deep_space,bystander_no_sink,"Bystander, no vascular sink",0.6739029884338379,0.49980098009109497,0.9909859895706177,0.8794146180152893,126.93826293945312,61.558353424072266,144.5572052001953,3332.551025390625,1515.47412109375,0.9445085678771198,85.104
seed22_hist2p0,22,2.0,24000,48000,PROJECT_ROOT/runs/phase35_subset_repeat_uncertainty/repeat_runs/seed22_hist2p0,case05,Parapharyngeal / prestyloid deep-space bulky mass,parapharyngeal_deep_space,bystander_with_sink,"Bystander, anatomical vascular sink",0.672460675239563,0.4997386336326599,0.9584788680076599,0.8580599427223206,83.06810760498047,53.35741424560547,132.2095184326172,2354.547119140625,1360.7618408203125,0.9445085678771198,85.104
seed22_hist2p0,22,2.0,24000,48000,PROJECT_ROOT/runs/phase35_subset_repeat_uncertainty/repeat_runs/seed22_hist2p0,case06,Buccal mucosa / cheek infiltrative crescent,cheek_superficial,physical_only,Physical-only,0.6122419834136963,0.23282013833522797,0.6122419834136963,0.23282013833522797,0.0,0.0,0.0,0.0,0.0,0.8492159227985525,28.16
seed22_hist2p0,22,2.0,24000,48000,PROJECT_ROOT/runs/phase35_subset_repeat_uncertainty/repeat_runs/seed22_hist2p0,case06,Buccal mucosa / cheek infiltrative crescent,cheek_superficial,bystander_no_sink,"Bystander, no vascular sink",0.6966609358787537,0.4449138045310974,0.9842772483825684,0.8842489719390869,104.5973892211914,64.62199401855469,115.94649505615234,2733.9716796875,1630.4755859375,0.8492159227985525,28.16
seed22_hist2p0,22,2.0,24000,48000,PROJECT_ROOT/runs/phase35_subset_repeat_uncertainty/repeat_runs/seed22_hist2p0,case06,Buccal mucosa / cheek infiltrative crescent,cheek_superficial,bystander_with_sink,"Bystander, anatomical vascular sink",0.6967058181762695,0.4441733658313751,0.9842771887779236,0.8716422915458679,104.59722900390625,62.14358901977539,111.99649810791016,2733.971435546875,1581.2138671875,0.8492159227985525,28.16
seed22_hist2p0,22,2.0,24000,48000,PROJECT_ROOT/runs/phase35_subset_repeat_uncertainty/repeat_runs/seed22_hist2p0,case07,Oral tongue / floor-of-mouth horseshoe,oral_tongue_floor_mouth,physical_only,Physical-only,0.6091870665550232,0.3088378310203552,0.6091870665550232,0.3088378310203552,0.0,0.0,0.0,0.0,0.0,0.944753823035446,85.504
seed22_hist2p0,22,2.0,24000,48000,PROJECT_ROOT/runs/phase35_subset_repeat_uncertainty/repeat_runs/seed22_hist2p0,case07,Oral tongue / floor-of-mouth horseshoe,oral_tongue_floor_mouth,bystander_no_sink,"Bystander, no vascular sink",0.6502227783203125,0.5108335614204407,0.9940694570541382,0.8864069581031799,131.8089599609375,61.219459533691406,143.13162231445312,3550.1982421875,1511.15478515625,0.944753823035446,85.504
seed22_hist2p0,22,2.0,24000,48000,PROJECT_ROOT/runs/phase35_subset_repeat_uncertainty/repeat_runs/seed22_hist2p0,case07,Oral tongue / floor-of-mouth horseshoe,oral_tongue_floor_mouth,bystander_with_sink,"Bystander, anatomical vascular sink",0.6502236127853394,0.5098311901092529,0.994055449962616,0.8713141679763794,131.62173461914062,57.93759536743164,137.0773162841797,3548.41845703125,1448.434326171875,0.944753823035446,85.504
seed33_hist0p5,33,0.5,6000,12000,PROJECT_ROOT/runs/phase35_subset_repeat_uncertainty/repeat_runs/seed33_hist0p5,case02,Left maxillary sinus crescent abutting orbit,sinonasal_midface,physical_only,Physical-only,0.6230152249336243,0.3637818992137909,0.6230152249336243,0.3637818992137909,0.0,0.0,0.0,0.0,0.0,0.9737096706347537,185.184
seed33_hist0p5,33,0.5,6000,12000,PROJECT_ROOT/runs/phase35_subset_repeat_uncertainty/repeat_runs/seed33_hist0p5,case02,Left maxillary sinus crescent abutting orbit,sinonasal_midface,bystander_no_sink,"Bystander, no vascular sink",0.6589145660400391,0.5574991106987,0.9954816699028015,0.8911477327346802,142.1425323486328,58.735740661621094,128.16119384765625,3758.814208984375,1443.7369384765625,0.9737096706347537,185.184
seed33_hist0p5,33,0.5,6000,12000,PROJECT_ROOT/runs/phase35_subset_repeat_uncertainty/repeat_runs/seed33_hist0p5,case02,Left maxillary sinus crescent abutting orbit,sinonasal_midface,bystander_with_sink,"Bystander, anatomical vascular sink",0.6589481234550476,0.557135283946991,0.9954672455787659,0.8819284439086914,141.84036254882812,56.961692810058594,123.39501190185547,3755.741943359375,1410.111572265625,0.9737096706347537,185.184
seed33_hist0p5,33,0.5,6000,12000,PROJECT_ROOT/runs/phase35_subset_repeat_uncertainty/repeat_runs/seed33_hist0p5,case03,Base-of-tongue / oropharynx bilobed central mass,oropharynx_bot,physical_only,Physical-only,0.6475189924240112,0.4256778955459595,0.6475189924240112,0.4256778955459595,0.0,0.0,0.0,0.0,0.0,0.9797025201351001,241.336
seed33_hist0p5,33,0.5,6000,12000,PROJECT_ROOT/runs/phase35_subset_repeat_uncertainty/repeat_runs/seed33_hist0p5,case03,Base-of-tongue / oropharynx bilobed central mass,oropharynx_bot,bystander_no_sink,"Bystander, no vascular sink",0.6820308566093445,0.5949509143829346,0.9952511191368103,0.9084776639938354,139.38235473632812,65.47864532470703,154.32313537597656,3706.62109375,1605.15380859375,0.9797025201351001,241.336
seed33_hist0p5,33,0.5,6000,12000,PROJECT_ROOT/runs/phase35_subset_repeat_uncertainty/repeat_runs/seed33_hist0p5,case03,Base-of-tongue / oropharynx bilobed central mass,oropharynx_bot,bystander_with_sink,"Bystander, anatomical vascular sink",0.6808478832244873,0.5946813225746155,0.9635604023933411,0.8878295421600342,86.76996612548828,54.55215835571289,140.071533203125,2491.130126953125,1393.484375,0.9797025201351001,241.336
seed33_hist0p5,33,0.5,6000,12000,PROJECT_ROOT/runs/phase35_subset_repeat_uncertainty/repeat_runs/seed33_hist0p5,case04,Laryngo-hypopharyngeal elongated cylinder,laryngohypopharynx,physical_only,Physical-only,0.6388837099075317,0.35506370663642883,0.6388837099075317,0.35506370663642883,0.0,0.0,0.0,0.0,0.0,0.9392259821081291,77.272
seed33_hist0p5,33,0.5,6000,12000,PROJECT_ROOT/runs/phase35_subset_repeat_uncertainty/repeat_runs/seed33_hist0p5,case04,Laryngo-hypopharyngeal elongated cylinder,laryngohypopharynx,bystander_no_sink,"Bystander, no vascular sink",0.7047518491744995,0.5390388369560242,0.9891180992126465,0.8999963998794556,117.22535705566406,67.58544158935547,97.84799194335938,3110.62060546875,1712.934814453125,0.9392259821081291,77.272
seed33_hist0p5,33,0.5,6000,12000,PROJECT_ROOT/runs/phase35_subset_repeat_uncertainty/repeat_runs/seed33_hist0p5,case04,Laryngo-hypopharyngeal elongated cylinder,laryngohypopharynx,bystander_with_sink,"Bystander, anatomical vascular sink",0.7049546241760254,0.5361034274101257,0.9886701703071594,0.8251098990440369,113.53478240966797,46.40428924560547,85.23030853271484,3063.789306640625,1257.2208251953125,0.9392259821081291,77.272
seed33_hist0p5,33,0.5,6000,12000,PROJECT_ROOT/runs/phase35_subset_repeat_uncertainty/repeat_runs/seed33_hist0p5,case05,Parapharyngeal / prestyloid deep-space bulky mass,parapharyngeal_deep_space,physical_only,Physical-only,0.6259242296218872,0.3522928059101105,0.6259242296218872,0.3522928059101105,0.0,0.0,0.0,0.0,0.0,0.9703285225977972,163.512
seed33_hist0p5,33,0.5,6000,12000,PROJECT_ROOT/runs/phase35_subset_repeat_uncertainty/repeat_runs/seed33_hist0p5,case05,Parapharyngeal / prestyloid deep-space bulky mass,parapharyngeal_deep_space,bystander_no_sink,"Bystander, no vascular sink",0.6788933873176575,0.5429439544677734,0.9911857843399048,0.8949146866798401,127.40288543701172,62.76491165161133,147.24856567382812,3339.822998046875,1546.321533203125,0.9703285225977972,163.512
seed33_hist0p5,33,0.5,6000,12000,PROJECT_ROOT/runs/phase35_subset_repeat_uncertainty/repeat_runs/seed33_hist0p5,case05,Parapharyngeal / prestyloid deep-space bulky mass,parapharyngeal_deep_space,bystander_with_sink,"Bystander, anatomical vascular sink",0.6773699522018433,0.5424025058746338,0.9601203799247742,0.8746963739395142,83.38807678222656,54.326507568359375,134.6855926513672,2358.92529296875,1385.83740234375,0.9703285225977972,163.512
seed33_hist0p5,33,0.5,6000,12000,PROJECT_ROOT/runs/phase35_subset_repeat_uncertainty/repeat_runs/seed33_hist0p5,case06,Buccal mucosa / cheek infiltrative crescent,cheek_superficial,physical_only,Physical-only,0.6982218027114868,0.45048707723617554,0.6982218027114868,0.45048707723617554,0.0,0.0,0.0,0.0,0.0,0.9809694902868279,257.736
seed33_hist0p5,33,0.5,6000,12000,PROJECT_ROOT/runs/phase35_subset_repeat_uncertainty/repeat_runs/seed33_hist0p5,case06,Buccal mucosa / cheek infiltrative crescent,cheek_superficial,bystander_no_sink,"Bystander, no vascular sink",0.7565462589263916,0.5961504578590393,0.9885820746421814,0.9256676435470581,107.98728942871094,71.32915496826172,139.4263153076172,2801.864990234375,1796.8970947265625,0.9809694902868279,257.736
seed33_hist0p5,33,0.5,6000,12000,PROJECT_ROOT/runs/phase35_subset_repeat_uncertainty/repeat_runs/seed33_hist0p5,case06,Buccal mucosa / cheek infiltrative crescent,cheek_superficial,bystander_with_sink,"Bystander, anatomical vascular sink",0.7565993666648865,0.595672070980072,0.9885820746421814,0.9168077111244202,107.98709106445312,68.48768615722656,134.3087921142578,2801.864501953125,1740.45263671875,0.9809694902868279,257.736
seed33_hist0p5,33,0.5,6000,12000,PROJECT_ROOT/runs/phase35_subset_repeat_uncertainty/repeat_runs/seed33_hist0p5,case07,Oral tongue / floor-of-mouth horseshoe,oral_tongue_floor_mouth,physical_only,Physical-only,0.6002788543701172,0.3977053463459015,0.6002788543701172,0.3977053463459015,0.0,0.0,0.0,0.0,0.0,0.9810082348293779,258.272
seed33_hist0p5,33,0.5,6000,12000,PROJECT_ROOT/runs/phase35_subset_repeat_uncertainty/repeat_runs/seed33_hist0p5,case07,Oral tongue / floor-of-mouth horseshoe,oral_tongue_floor_mouth,bystander_no_sink,"Bystander, no vascular sink",0.6404471397399902,0.5717543363571167,0.9928929805755615,0.9084844589233398,131.45877075195312,62.85484313964844,153.71534729003906,3518.85498046875,1551.0052490234375,0.9810082348293779,258.272
seed33_hist0p5,33,0.5,6000,12000,PROJECT_ROOT/runs/phase35_subset_repeat_uncertainty/repeat_runs/seed33_hist0p5,case07,Oral tongue / floor-of-mouth horseshoe,oral_tongue_floor_mouth,bystander_with_sink,"Bystander, anatomical vascular sink",0.6405041813850403,0.5713582038879395,0.9928749799728394,0.8998492360115051,131.2462158203125,59.10747146606445,146.56996154785156,3516.835205078125,1479.0556640625,0.9810082348293779,258.272
seed33_hist1p0,33,1.0,12000,24000,PROJECT_ROOT/runs/phase35_subset_repeat_uncertainty/repeat_runs/seed33_hist1p0,case02,Left maxillary sinus crescent abutting orbit,sinonasal_midface,physical_only,Physical-only,0.6222640872001648,0.3247654139995575,0.6222640872001648,0.3247654139995575,0.0,0.0,0.0,0.0,0.0,0.9572678791193765,112.008
seed33_hist1p0,33,1.0,12000,24000,PROJECT_ROOT/runs/phase35_subset_repeat_uncertainty/repeat_runs/seed33_hist1p0,case02,Left maxillary sinus crescent abutting orbit,sinonasal_midface,bystander_no_sink,"Bystander, no vascular sink",0.6587980389595032,0.529224693775177,0.9953557252883911,0.8799649477005005,141.53184509277344,57.3692512512207,123.79008483886719,3746.7548828125,1409.832275390625,0.9572678791193765,112.008
seed33_hist1p0,33,1.0,12000,24000,PROJECT_ROOT/runs/phase35_subset_repeat_uncertainty/repeat_runs/seed33_hist1p0,case02,Left maxillary sinus crescent abutting orbit,sinonasal_midface,bystander_with_sink,"Bystander, anatomical vascular sink",0.658805251121521,0.5287089943885803,0.9953405261039734,0.8712612986564636,141.200439453125,55.47654342651367,119.22822570800781,3743.346923828125,1373.219482421875,0.9572678791193765,112.008
seed33_hist1p0,33,1.0,12000,24000,PROJECT_ROOT/runs/phase35_subset_repeat_uncertainty/repeat_runs/seed33_hist1p0,case03,Base-of-tongue / oropharynx bilobed central mass,oropharynx_bot,physical_only,Physical-only,0.6408873200416565,0.3750283718109131,0.6408873200416565,0.3750283718109131,0.0,0.0,0.0,0.0,0.0,0.9702324252238521,162.968
seed33_hist1p0,33,1.0,12000,24000,PROJECT_ROOT/runs/phase35_subset_repeat_uncertainty/repeat_runs/seed33_hist1p0,case03,Base-of-tongue / oropharynx bilobed central mass,oropharynx_bot,bystander_no_sink,"Bystander, no vascular sink",0.676517903804779,0.5585822463035583,0.9952397346496582,0.8981489539146423,139.2731170654297,64.31080627441406,150.22689819335938,3705.947021484375,1577.042236328125,0.9702324252238521,162.968
seed33_hist1p0,33,1.0,12000,24000,PROJECT_ROOT/runs/phase35_subset_repeat_uncertainty/repeat_runs/seed33_hist1p0,case03,Base-of-tongue / oropharynx bilobed central mass,oropharynx_bot,bystander_with_sink,"Bystander, anatomical vascular sink",0.675227701663971,0.5586006045341492,0.959165096282959,0.8771268725395203,86.75362396240234,53.33783721923828,135.9909210205078,2492.42529296875,1364.216552734375,0.9702324252238521,162.968
seed33_hist1p0,33,1.0,12000,24000,PROJECT_ROOT/runs/phase35_subset_repeat_uncertainty/repeat_runs/seed33_hist1p0,case04,Laryngo-hypopharyngeal elongated cylinder,laryngohypopharynx,physical_only,Physical-only,0.6241697072982788,0.30650126934051514,0.6241697072982788,0.30650126934051514,0.0,0.0,0.0,0.0,0.0,0.9163095875736476,54.744
seed33_hist1p0,33,1.0,12000,24000,PROJECT_ROOT/runs/phase35_subset_repeat_uncertainty/repeat_runs/seed33_hist1p0,case04,Laryngo-hypopharyngeal elongated cylinder,laryngohypopharynx,bystander_no_sink,"Bystander, no vascular sink",0.6960822939872742,0.5070746541023254,0.9879242181777954,0.8887574672698975,116.21894836425781,66.17691040039062,94.45124053955078,3091.62158203125,1677.37890625,0.9163095875736476,54.744
seed33_hist1p0,33,1.0,12000,24000,PROJECT_ROOT/runs/phase35_subset_repeat_uncertainty/repeat_runs/seed33_hist1p0,case04,Laryngo-hypopharyngeal elongated cylinder,laryngohypopharynx,bystander_with_sink,"Bystander, anatomical vascular sink",0.6961954832077026,0.5035285949707031,0.9874587059020996,0.805605411529541,112.63418579101562,45.75228500366211,82.31208801269531,3046.149658203125,1238.65966796875,0.9163095875736476,54.744
seed33_hist1p0,33,1.0,12000,24000,PROJECT_ROOT/runs/phase35_subset_repeat_uncertainty/repeat_runs/seed33_hist1p0,case05,Parapharyngeal / prestyloid deep-space bulky mass,parapharyngeal_deep_space,physical_only,Physical-only,0.6072246432304382,0.2934485077857971,0.6072246432304382,0.2934485077857971,0.0,0.0,0.0,0.0,0.0,0.9456474476041395,86.992
seed33_hist1p0,33,1.0,12000,24000,PROJECT_ROOT/runs/phase35_subset_repeat_uncertainty/repeat_runs/seed33_hist1p0,case05,Parapharyngeal / prestyloid deep-space bulky mass,parapharyngeal_deep_space,bystander_no_sink,"Bystander, no vascular sink",0.6637775897979736,0.5006149411201477,0.99042809009552,0.8790237307548523,126.4573745727539,61.1202392578125,139.32728576660156,3318.481689453125,1506.601806640625,0.9456474476041395,86.992
seed33_hist1p0,33,1.0,12000,24000,PROJECT_ROOT/runs/phase35_subset_repeat_uncertainty/repeat_runs/seed33_hist1p0,case05,Parapharyngeal / prestyloid deep-space bulky mass,parapharyngeal_deep_space,bystander_with_sink,"Bystander, anatomical vascular sink",0.6623852849006653,0.5006422400474548,0.9590103030204773,0.8587533831596375,82.56805419921875,52.76813507080078,126.99065399169922,2339.637451171875,1347.9599609375,0.9456474476041395,86.992
seed33_hist1p0,33,1.0,12000,24000,PROJECT_ROOT/runs/phase35_subset_repeat_uncertainty/repeat_runs/seed33_hist1p0,case06,Buccal mucosa / cheek infiltrative crescent,cheek_superficial,physical_only,Physical-only,0.6245397925376892,0.3553992211818695,0.6245397925376892,0.3553992211818695,0.0,0.0,0.0,0.0,0.0,0.9552035550458715,106.616
seed33_hist1p0,33,1.0,12000,24000,PROJECT_ROOT/runs/phase35_subset_repeat_uncertainty/repeat_runs/seed33_hist1p0,case06,Buccal mucosa / cheek infiltrative crescent,cheek_superficial,bystander_no_sink,"Bystander, no vascular sink",0.6990072131156921,0.5309968590736389,0.9851462841033936,0.9105151891708374,106.02715301513672,70.2452392578125,133.0121307373047,2758.84130859375,1771.2127685546875,0.9552035550458715,106.616
seed33_hist1p0,33,1.0,12000,24000,PROJECT_ROOT/runs/phase35_subset_repeat_uncertainty/repeat_runs/seed33_hist1p0,case06,Buccal mucosa / cheek infiltrative crescent,cheek_superficial,bystander_with_sink,"Bystander, anatomical vascular sink",0.6992178559303284,0.5307884812355042,0.9851462841033936,0.9008257985115051,106.02694702148438,67.43138122558594,128.13238525390625,2758.840576171875,1714.9835205078125,0.9552035550458715,106.616
seed33_hist1p0,33,1.0,12000,24000,PROJECT_ROOT/runs/phase35_subset_repeat_uncertainty/repeat_runs/seed33_hist1p0,case07,Oral tongue / floor-of-mouth horseshoe,oral_tongue_floor_mouth,physical_only,Physical-only,0.6059675216674805,0.2685689926147461,0.6059675216674805,0.2685689926147461,0.0,0.0,0.0,0.0,0.0,0.9351188622443684,72.06400000000001
seed33_hist1p0,33,1.0,12000,24000,PROJECT_ROOT/runs/phase35_subset_repeat_uncertainty/repeat_runs/seed33_hist1p0,case07,Oral tongue / floor-of-mouth horseshoe,oral_tongue_floor_mouth,bystander_no_sink,"Bystander, no vascular sink",0.6475858688354492,0.4795982539653778,0.9937383532524109,0.8788699507713318,131.7120819091797,60.09040451049805,141.69711303710938,3542.796875,1481.8489990234375,0.9351188622443684,72.06400000000001
seed33_hist1p0,33,1.0,12000,24000,PROJECT_ROOT/runs/phase35_subset_repeat_uncertainty/repeat_runs/seed33_hist1p0,case07,Oral tongue / floor-of-mouth horseshoe,oral_tongue_floor_mouth,bystander_with_sink,"Bystander, anatomical vascular sink",0.6476077437400818,0.4786982536315918,0.9937237501144409,0.8638595342636108,131.52212524414062,56.82988739013672,135.66064453125,3540.98828125,1419.5419921875,0.9351188622443684,72.06400000000001
seed33_hist2p0,33,2.0,24000,48000,PROJECT_ROOT/runs/phase35_subset_repeat_uncertainty/repeat_runs/seed33_hist2p0,case02,Left maxillary sinus crescent abutting orbit,sinonasal_midface,physical_only,Physical-only,0.6260114312171936,0.3000618815422058,0.6260114312171936,0.3000618815422058,0.0,0.0,0.0,0.0,0.0,0.9453862285914016,86.552
seed33_hist2p0,33,2.0,24000,48000,PROJECT_ROOT/runs/phase35_subset_repeat_uncertainty/repeat_runs/seed33_hist2p0,case02,Left maxillary sinus crescent abutting orbit,sinonasal_midface,bystander_no_sink,"Bystander, no vascular sink",0.6624093055725098,0.5130847692489624,0.9953666925430298,0.8751473426818848,140.9800567626953,56.879398345947266,121.99568939208984,3736.550537109375,1397.701904296875,0.9453862285914016,86.552
seed33_hist2p0,33,2.0,24000,48000,PROJECT_ROOT/runs/phase35_subset_repeat_uncertainty/repeat_runs/seed33_hist2p0,case02,Left maxillary sinus crescent abutting orbit,sinonasal_midface,bystander_with_sink,"Bystander, anatomical vascular sink",0.6624108552932739,0.5125299692153931,0.9953517913818359,0.8662382364273071,140.6597900390625,55.03640365600586,117.64978790283203,3733.260498046875,1362.038330078125,0.9453862285914016,86.552
seed33_hist2p0,33,2.0,24000,48000,PROJECT_ROOT/runs/phase35_subset_repeat_uncertainty/repeat_runs/seed33_hist2p0,case03,Base-of-tongue / oropharynx bilobed central mass,oropharynx_bot,physical_only,Physical-only,0.6346354484558105,0.33238866925239563,0.6346354484558105,0.33238866925239563,0.0,0.0,0.0,0.0,0.0,0.959744943964962,119.208
seed33_hist2p0,33,2.0,24000,48000,PROJECT_ROOT/runs/phase35_subset_repeat_uncertainty/repeat_runs/seed33_hist2p0,case03,Base-of-tongue / oropharynx bilobed central mass,oropharynx_bot,bystander_no_sink,"Bystander, no vascular sink",0.6707068681716919,0.5279451012611389,0.9952012300491333,0.8887346386909485,138.76927185058594,63.446754455566406,145.30694580078125,3695.6708984375,1556.0888671875,0.959744943964962,119.208
seed33_hist2p0,33,2.0,24000,48000,PROJECT_ROOT/runs/phase35_subset_repeat_uncertainty/repeat_runs/seed33_hist2p0,case03,Base-of-tongue / oropharynx bilobed central mass,oropharynx_bot,bystander_with_sink,"Bystander, anatomical vascular sink",0.6694793105125427,0.5282708406448364,0.9588305950164795,0.8657858371734619,86.40766906738281,52.57236099243164,131.19985961914062,2484.61572265625,1345.0224609375,0.959744943964962,119.208
seed33_hist2p0,33,2.0,24000,48000,PROJECT_ROOT/runs/phase35_subset_repeat_uncertainty/repeat_runs/seed33_hist2p0,case04,Laryngo-hypopharyngeal elongated cylinder,laryngohypopharynx,physical_only,Physical-only,0.6236381530761719,0.2861180901527405,0.6236381530761719,0.2861180901527405,0.0,0.0,0.0,0.0,0.0,0.90320582313768,46.656
seed33_hist2p0,33,2.0,24000,48000,PROJECT_ROOT/runs/phase35_subset_repeat_uncertainty/repeat_runs/seed33_hist2p0,case04,Laryngo-hypopharyngeal elongated cylinder,laryngohypopharynx,bystander_no_sink,"Bystander, no vascular sink",0.694217324256897,0.49238795042037964,0.9883706569671631,0.885581910610199,116.33338928222656,65.81689453125,94.54576873779297,3093.955810546875,1668.2926025390625,0.90320582313768,46.656
seed33_hist2p0,33,2.0,24000,48000,PROJECT_ROOT/runs/phase35_subset_repeat_uncertainty/repeat_runs/seed33_hist2p0,case04,Laryngo-hypopharyngeal elongated cylinder,laryngohypopharynx,bystander_with_sink,"Bystander, anatomical vascular sink",0.6944432258605957,0.48914214968681335,0.9879035949707031,0.8015334606170654,112.67871856689453,45.45512390136719,82.38800048828125,3047.42138671875,1230.80224609375,0.90320582313768,46.656
seed33_hist2p0,33,2.0,24000,48000,PROJECT_ROOT/runs/phase35_subset_repeat_uncertainty/repeat_runs/seed33_hist2p0,case05,Parapharyngeal / prestyloid deep-space bulky mass,parapharyngeal_deep_space,physical_only,Physical-only,0.6147068738937378,0.25705382227897644,0.6147068738937378,0.25705382227897644,0.0,0.0,0.0,0.0,0.0,0.9318355327734759,68.352
seed33_hist2p0,33,2.0,24000,48000,PROJECT_ROOT/runs/phase35_subset_repeat_uncertainty/repeat_runs/seed33_hist2p0,case05,Parapharyngeal / prestyloid deep-space bulky mass,parapharyngeal_deep_space,bystander_no_sink,"Bystander, no vascular sink",0.6704214215278625,0.47193098068237305,0.9908642172813416,0.8683037757873535,126.42794799804688,60.09226989746094,136.5846405029297,3323.01806640625,1479.8424072265625,0.9318355327734759,68.352
seed33_hist2p0,33,2.0,24000,48000,PROJECT_ROOT/runs/phase35_subset_repeat_uncertainty/repeat_runs/seed33_hist2p0,case05,Parapharyngeal / prestyloid deep-space bulky mass,parapharyngeal_deep_space,bystander_with_sink,"Bystander, anatomical vascular sink",0.6690584421157837,0.47220882773399353,0.958537757396698,0.8469140529632568,82.67901611328125,51.85488510131836,124.45176696777344,2346.484619140625,1323.3197021484375,0.9318355327734759,68.352
seed33_hist2p0,33,2.0,24000,48000,PROJECT_ROOT/runs/phase35_subset_repeat_uncertainty/repeat_runs/seed33_hist2p0,case06,Buccal mucosa / cheek infiltrative crescent,cheek_superficial,physical_only,Physical-only,0.6234192252159119,0.2505241930484772,0.6234192252159119,0.2505241930484772,0.0,0.0,0.0,0.0,0.0,0.7960182767624021,19.512
seed33_hist2p0,33,2.0,24000,48000,PROJECT_ROOT/runs/phase35_subset_repeat_uncertainty/repeat_runs/seed33_hist2p0,case06,Buccal mucosa / cheek infiltrative crescent,cheek_superficial,bystander_no_sink,"Bystander, no vascular sink",0.7039563655853271,0.4569162130355835,0.9847501516342163,0.8897460103034973,105.90889739990234,66.63684844970703,121.88851928710938,2759.1826171875,1681.1749267578125,0.7960182767624021,19.512
seed33_hist2p0,33,2.0,24000,48000,PROJECT_ROOT/runs/phase35_subset_repeat_uncertainty/repeat_runs/seed33_hist2p0,case06,Buccal mucosa / cheek infiltrative crescent,cheek_superficial,bystander_with_sink,"Bystander, anatomical vascular sink",0.7041364312171936,0.45653101801872253,0.9847501516342163,0.8771349191665649,105.90872192382812,64.18013763427734,117.56682586669922,2759.181884765625,1632.1947021484375,0.7960182767624021,19.512
seed33_hist2p0,33,2.0,24000,48000,PROJECT_ROOT/runs/phase35_subset_repeat_uncertainty/repeat_runs/seed33_hist2p0,case07,Oral tongue / floor-of-mouth horseshoe,oral_tongue_floor_mouth,physical_only,Physical-only,0.6219519972801208,0.2547663152217865,0.6219519972801208,0.2547663152217865,0.0,0.0,0.0,0.0,0.0,0.92875056999544,65.176
seed33_hist2p0,33,2.0,24000,48000,PROJECT_ROOT/runs/phase35_subset_repeat_uncertainty/repeat_runs/seed33_hist2p0,case07,Oral tongue / floor-of-mouth horseshoe,oral_tongue_floor_mouth,bystander_no_sink,"Bystander, no vascular sink",0.6628433465957642,0.4695594310760498,0.9941693544387817,0.8704512715339661,132.14797973632812,59.733314514160156,136.17054748535156,3557.96728515625,1473.385498046875,0.92875056999544,65.176
seed33_hist2p0,33,2.0,24000,48000,PROJECT_ROOT/runs/phase35_subset_repeat_uncertainty/repeat_runs/seed33_hist2p0,case07,Oral tongue / floor-of-mouth horseshoe,oral_tongue_floor_mouth,bystander_with_sink,"Bystander, anatomical vascular sink",0.6628431677818298,0.4685100317001343,0.9941563010215759,0.8538551330566406,131.97396850585938,56.71839904785156,130.56382751464844,3556.31396484375,1415.978271484375,0.92875056999544,65.176
