repeat_id,seed,history_scale,histories_base,histories_spot,repeat_root,phase33_root,phase34_root
seed11_hist0p5,11,0.5,6000,12000,/Users/kw/Documents/Playground/vhee_topas/runs/phase35_subset_repeat_uncertainty/repeat_runs/seed11_hist0p5,/Users/kw/Documents/Playground/vhee_topas/runs/phase35_subset_repeat_uncertainty/repeat_runs/seed11_hist0p5/phase33,/Users/kw/Documents/Playground/vhee_topas/runs/phase35_subset_repeat_uncertainty/repeat_runs/seed11_hist0p5/phase34_bio_cohort
seed11_hist1p0,11,1.0,12000,24000,/Users/kw/Documents/Playground/vhee_topas/runs/phase35_subset_repeat_uncertainty/repeat_runs/seed11_hist1p0,/Users/kw/Documents/Playground/vhee_topas/runs/phase35_subset_repeat_uncertainty/repeat_runs/seed11_hist1p0/phase33,/Users/kw/Documents/Playground/vhee_topas/runs/phase35_subset_repeat_uncertainty/repeat_runs/seed11_hist1p0/phase34_bio_cohort
seed11_hist2p0,11,2.0,24000,48000,/Users/kw/Documents/Playground/vhee_topas/runs/phase35_subset_repeat_uncertainty/repeat_runs/seed11_hist2p0,/Users/kw/Documents/Playground/vhee_topas/runs/phase35_subset_repeat_uncertainty/repeat_runs/seed11_hist2p0/phase33,/Users/kw/Documents/Playground/vhee_topas/runs/phase35_subset_repeat_uncertainty/repeat_runs/seed11_hist2p0/phase34_bio_cohort
seed22_hist0p5,22,0.5,6000,12000,/Users/kw/Documents/Playground/vhee_topas/runs/phase35_subset_repeat_uncertainty/repeat_runs/seed22_hist0p5,/Users/kw/Documents/Playground/vhee_topas/runs/phase35_subset_repeat_uncertainty/repeat_runs/seed22_hist0p5/phase33,/Users/kw/Documents/Playground/vhee_topas/runs/phase35_subset_repeat_uncertainty/repeat_runs/seed22_hist0p5/phase34_bio_cohort
seed22_hist1p0,22,1.0,12000,24000,/Users/kw/Documents/Playground/vhee_topas/runs/phase35_subset_repeat_uncertainty/repeat_runs/seed22_hist1p0,/Users/kw/Documents/Playground/vhee_topas/runs/phase35_subset_repeat_uncertainty/repeat_runs/seed22_hist1p0/phase33,/Users/kw/Documents/Playground/vhee_topas/runs/phase35_subset_repeat_uncertainty/repeat_runs/seed22_hist1p0/phase34_bio_cohort
seed22_hist2p0,22,2.0,24000,48000,/Users/kw/Documents/Playground/vhee_topas/runs/phase35_subset_repeat_uncertainty/repeat_runs/seed22_hist2p0,/Users/kw/Documents/Playground/vhee_topas/runs/phase35_subset_repeat_uncertainty/repeat_runs/seed22_hist2p0/phase33,/Users/kw/Documents/Playground/vhee_topas/runs/phase35_subset_repeat_uncertainty/repeat_runs/seed22_hist2p0/phase34_bio_cohort
seed33_hist0p5,33,0.5,6000,12000,/Users/kw/Documents/Playground/vhee_topas/runs/phase35_subset_repeat_uncertainty/repeat_runs/seed33_hist0p5,/Users/kw/Documents/Playground/vhee_topas/runs/phase35_subset_repeat_uncertainty/repeat_runs/seed33_hist0p5/phase33,/Users/kw/Documents/Playground/vhee_topas/runs/phase35_subset_repeat_uncertainty/repeat_runs/seed33_hist0p5/phase34_bio_cohort
seed33_hist1p0,33,1.0,12000,24000,/Users/kw/Documents/Playground/vhee_topas/runs/phase35_subset_repeat_uncertainty/repeat_runs/seed33_hist1p0,/Users/kw/Documents/Playground/vhee_topas/runs/phase35_subset_repeat_uncertainty/repeat_runs/seed33_hist1p0/phase33,/Users/kw/Documents/Playground/vhee_topas/runs/phase35_subset_repeat_uncertainty/repeat_runs/seed33_hist1p0/phase34_bio_cohort
seed33_hist2p0,33,2.0,24000,48000,/Users/kw/Documents/Playground/vhee_topas/runs/phase35_subset_repeat_uncertainty/repeat_runs/seed33_hist2p0,/Users/kw/Documents/Playground/vhee_topas/runs/phase35_subset_repeat_uncertainty/repeat_runs/seed33_hist2p0/phase33,/Users/kw/Documents/Playground/vhee_topas/runs/phase35_subset_repeat_uncertainty/repeat_runs/seed33_hist2p0/phase34_bio_cohort
